{
  "namespace": "fx-trading-sample",
  "replicas": 3,
  "script": "k6-test-plan-suite.js",
  "generated_at_epoch": 1775425456.730054,
  "scenarios": {
    "smoke": {
      "description": "\u30b9\u30e2\u30fc\u30af",
      "mode": "smoke",
      "duration": "90s",
      "window": "120s",
      "passed": false,
      "k6": {
        "average_s": 0.6337984811800004,
        "p95_s": 0.25139663269999996,
        "p99_s": null,
        "slowest_s": 29.176627241,
        "requests_per_sec": 2.916618269226703,
        "http_req_failed_rate": null,
        "trade_accepted": 350,
        "trace_sampled": 350,
        "trace_timed_out": 70,
        "saga_completed": 278,
        "saga_compensated": null,
        "saga_failed": 70,
        "business_failure_rate": null,
        "trade_e2e_p95_s": 1.26515,
        "trade_e2e_p99_s": null
      },
      "prometheus": {
        "http_p95_s": 0.025410491218749987,
        "http_p99_s": 0.03934257017499999,
        "saga_p95_s": 0.5932423565499999,
        "outbox_backlog_max": 2.0,
        "hikari_active_max": 2.0,
        "hikari_pending_max": 0.0,
        "kafka_lag_max": 40.0,
        "fx_core_tx_p95_s": 0.022649241249999983,
        "fx_core_lock_wait_p95_s": 0.008551718783333323
      }
    },
    "baseline": {
      "description": "\u30d9\u30fc\u30b9\u30e9\u30a4\u30f3",
      "mode": "baseline",
      "duration": "120s",
      "window": "150s",
      "passed": false,
      "k6": {
        "average_s": 2.2999396363619558,
        "p95_s": 18.36753388955,
        "p99_s": null,
        "slowest_s": 28.529617672,
        "requests_per_sec": 14.82640298847957,
        "http_req_failed_rate": null,
        "trade_accepted": 2224,
        "trace_sampled": 122,
        "trace_timed_out": 41,
        "saga_completed": 79,
        "saga_compensated": 1,
        "saga_failed": 41,
        "business_failure_rate": null,
        "trade_e2e_p95_s": 4.463499999999997,
        "trade_e2e_p99_s": null
      },
      "prometheus": {
        "http_p95_s": 0.08870176204861106,
        "http_p99_s": 0.18920971195833222,
        "saga_p95_s": 1.8134306354,
        "outbox_backlog_max": 87.0,
        "hikari_active_max": 4.0,
        "hikari_pending_max": 0.0,
        "kafka_lag_max": 336.0,
        "fx_core_tx_p95_s": 0.06990506662499997,
        "fx_core_lock_wait_p95_s": 0.017586643039473666
      }
    },
    "cover_fail": {
      "description": "Cover\u5931\u6557\u88dc\u511f",
      "mode": "cover_fail",
      "duration": "90s",
      "window": "120s",
      "passed": false,
      "k6": {
        "average_s": 0.17203625624218738,
        "p95_s": 0.23839969400000002,
        "p99_s": null,
        "slowest_s": 0.35255512,
        "requests_per_sec": 5.336170312415461,
        "http_req_failed_rate": null,
        "trade_accepted": 640,
        "trace_sampled": 115,
        "trace_timed_out": null,
        "saga_completed": null,
        "saga_compensated": 115,
        "saga_failed": null,
        "business_failure_rate": null,
        "trade_e2e_p95_s": 1.2555999999999998,
        "trade_e2e_p99_s": null
      },
      "prometheus": {
        "http_p95_s": 0.029575219750000038,
        "http_p99_s": 0.05340746875000029,
        "saga_p95_s": 0.3860996637749999,
        "outbox_backlog_max": 4.0,
        "hikari_active_max": 1.0,
        "hikari_pending_max": 0.0,
        "kafka_lag_max": 37.0,
        "fx_core_tx_p95_s": 0.024147206875000007,
        "fx_core_lock_wait_p95_s": 0.007871309630000003
      }
    },
    "accounting_fail": {
      "description": "\u4f1a\u8a08\u5931\u6557\u88dc\u511f",
      "mode": "accounting_fail",
      "duration": "90s",
      "window": "120s",
      "passed": false,
      "k6": {
        "average_s": 0.1726629964267517,
        "p95_s": 0.2370230494,
        "p99_s": null,
        "slowest_s": 0.541489573,
        "requests_per_sec": 5.233210157347016,
        "http_req_failed_rate": null,
        "trade_accepted": 628,
        "trace_sampled": 114,
        "trace_timed_out": null,
        "saga_completed": null,
        "saga_compensated": 113,
        "saga_failed": null,
        "business_failure_rate": null,
        "trade_e2e_p95_s": 1.2786,
        "trade_e2e_p99_s": null
      },
      "prometheus": {
        "http_p95_s": 0.04141176002499999,
        "http_p99_s": 0.060407295675,
        "saga_p95_s": 0.6869507335681818,
        "outbox_backlog_max": 3.0,
        "hikari_active_max": 2.0,
        "hikari_pending_max": 0.0,
        "kafka_lag_max": 96.0,
        "fx_core_tx_p95_s": 0.03498360116666665,
        "fx_core_lock_wait_p95_s": 0.008059054621428566
      }
    },
    "notification_fail": {
      "description": "\u901a\u77e5\u5931\u6557\u975e\u81f4\u547d",
      "mode": "notification_fail",
      "duration": "90s",
      "window": "120s",
      "passed": false,
      "k6": {
        "average_s": 0.17409846066210055,
        "p95_s": 0.23899236199999999,
        "p99_s": null,
        "slowest_s": 0.307886951,
        "requests_per_sec": 5.486989364629774,
        "http_req_failed_rate": null,
        "trade_accepted": 657,
        "trace_sampled": 126,
        "trace_timed_out": null,
        "saga_completed": 126,
        "saga_compensated": null,
        "saga_failed": null,
        "business_failure_rate": null,
        "trade_e2e_p95_s": 1.29075,
        "trade_e2e_p99_s": null
      },
      "prometheus": {
        "http_p95_s": 0.03822408917499998,
        "http_p99_s": 0.0643872254399999,
        "saga_p95_s": 0.5437538713846153,
        "outbox_backlog_max": 35.0,
        "hikari_active_max": 1.0,
        "hikari_pending_max": 0.0,
        "kafka_lag_max": 234.0,
        "fx_core_tx_p95_s": 0.034285745499999985,
        "fx_core_lock_wait_p95_s": 0.010730426175000005
      }
    },
    "stress": {
      "description": "\u30b9\u30c8\u30ec\u30b9",
      "mode": "stress",
      "duration": "180s",
      "window": "210s",
      "passed": false,
      "k6": {
        "average_s": 2.19377995109676,
        "p95_s": 18.185858461600002,
        "p99_s": null,
        "slowest_s": 29.991792819999997,
        "requests_per_sec": 21.99969983242887,
        "http_req_failed_rate": null,
        "trade_accepted": 4620,
        "trace_sampled": 90,
        "trace_timed_out": 19,
        "saga_completed": 70,
        "saga_compensated": null,
        "saga_failed": 19,
        "business_failure_rate": null,
        "trade_e2e_p95_s": 9.381599999999999,
        "trade_e2e_p99_s": null
      },
      "prometheus": {
        "http_p95_s": 0.10768814139298233,
        "http_p99_s": 0.2539562084654533,
        "saga_p95_s": 4.666609443215752,
        "outbox_backlog_max": 463.0,
        "hikari_active_max": 8.0,
        "hikari_pending_max": 11.0,
        "kafka_lag_max": 1051.0,
        "fx_core_tx_p95_s": 0.0840655890543209,
        "fx_core_lock_wait_p95_s": 0.025943897239130414
      }
    },
    "soak": {
      "description": "\u8010\u4e45(\u77ed\u7e2e\u7248)",
      "mode": "soak",
      "duration": "180s",
      "window": "210s",
      "passed": false,
      "k6": {
        "average_s": 1.658448690679161,
        "p95_s": 15.875083478,
        "p99_s": null,
        "slowest_s": 29.63852565,
        "requests_per_sec": 12.956889208699044,
        "http_req_failed_rate": null,
        "trade_accepted": 2721,
        "trace_sampled": 51,
        "trace_timed_out": 4,
        "saga_completed": 45,
        "saga_compensated": null,
        "saga_failed": 4,
        "business_failure_rate": null,
        "trade_e2e_p95_s": 1.267,
        "trade_e2e_p99_s": null
      },
      "prometheus": {
        "http_p95_s": 0.05267028809090903,
        "http_p99_s": 0.14965276548999987,
        "saga_p95_s": 0.8724152297499997,
        "outbox_backlog_max": 110.0,
        "hikari_active_max": 4.0,
        "hikari_pending_max": 0.0,
        "kafka_lag_max": 359.0,
        "fx_core_tx_p95_s": 0.043738494842105194,
        "fx_core_lock_wait_p95_s": 0.012243371185714277
      }
    }
  }
}