{
  "namespace": "fx-trading-sample",
  "replicas": 3,
  "script": "k6-test-plan-suite.js",
  "generated_at_epoch": 1775377779.110249,
  "scenarios": {
    "smoke": {
      "description": "\u30b9\u30e2\u30fc\u30af",
      "mode": "smoke",
      "duration": "90s",
      "window": "120s",
      "passed": false,
      "k6": {
        "average_s": 0.302111384767338,
        "p95_s": 0.37467384389999964,
        "p99_s": null,
        "slowest_s": 25.307320722,
        "requests_per_sec": 3.7945162886149166,
        "http_req_failed_rate": null,
        "trade_accepted": 447,
        "trace_sampled": 447,
        "trace_timed_out": 33,
        "saga_completed": 414,
        "saga_compensated": null,
        "saga_failed": 33,
        "business_failure_rate": null,
        "trade_e2e_p95_s": 2.137449999999997,
        "trade_e2e_p99_s": null
      },
      "prometheus": {
        "http_p95_s": 0.12406669464338507,
        "http_p99_s": 0.7642703397325327,
        "saga_p95_s": 0.8597391110416667,
        "outbox_backlog_max": 485.0,
        "hikari_active_max": 1.0,
        "hikari_pending_max": 0.0,
        "kafka_lag_max": 43.0,
        "fx_core_tx_p95_s": 0.09744582770262462,
        "fx_core_lock_wait_p95_s": 0.022273548126781197
      }
    },
    "baseline": {
      "description": "\u30d9\u30fc\u30b9\u30e9\u30a4\u30f3",
      "mode": "baseline",
      "duration": "120s",
      "window": "150s",
      "passed": false,
      "k6": {
        "average_s": 0.4766306777729161,
        "p95_s": 0.4896231902999997,
        "p99_s": null,
        "slowest_s": 29.693078182,
        "requests_per_sec": 37.165985092054726,
        "http_req_failed_rate": null,
        "trade_accepted": 5575,
        "trace_sampled": 291,
        "trace_timed_out": 31,
        "saga_completed": 245,
        "saga_compensated": 8,
        "saga_failed": 31,
        "business_failure_rate": null,
        "trade_e2e_p95_s": 5.038999999999999,
        "trade_e2e_p99_s": null
      },
      "prometheus": {
        "http_p95_s": 0.1793297960166666,
        "http_p99_s": 0.36622265746428523,
        "saga_p95_s": 4.136142983349998,
        "outbox_backlog_max": 504.0,
        "hikari_active_max": 5.0,
        "hikari_pending_max": 0.0,
        "kafka_lag_max": 349.0,
        "fx_core_tx_p95_s": 0.16072086492391305,
        "fx_core_lock_wait_p95_s": 0.056623101624999964
      }
    },
    "cover_fail": {
      "description": "Cover\u5931\u6557\u88dc\u511f",
      "mode": "cover_fail",
      "duration": "90s",
      "window": "120s",
      "passed": false,
      "k6": {
        "average_s": 0.15918357558828253,
        "p95_s": 0.19222874050000002,
        "p99_s": null,
        "slowest_s": 0.560442381,
        "requests_per_sec": 10.383298181456087,
        "http_req_failed_rate": null,
        "trade_accepted": 1246,
        "trace_sampled": 255,
        "trace_timed_out": null,
        "saga_completed": null,
        "saga_compensated": 255,
        "saga_failed": null,
        "business_failure_rate": null,
        "trade_e2e_p95_s": 1.614,
        "trade_e2e_p99_s": null
      },
      "prometheus": {
        "http_p95_s": 0.04040512712500005,
        "http_p99_s": 0.07739888966000019,
        "saga_p95_s": 0.7673957447236842,
        "outbox_backlog_max": 485.0,
        "hikari_active_max": 2.0,
        "hikari_pending_max": 0.0,
        "kafka_lag_max": 124.0,
        "fx_core_tx_p95_s": 0.03162815816666669,
        "fx_core_lock_wait_p95_s": 0.00977117354444445
      }
    },
    "accounting_fail": {
      "description": "\u4f1a\u8a08\u5931\u6557\u88dc\u511f",
      "mode": "accounting_fail",
      "duration": "90s",
      "window": "120s",
      "passed": false,
      "k6": {
        "average_s": 0.6791582395485833,
        "p95_s": 0.24202141304999986,
        "p99_s": null,
        "slowest_s": 29.791140079,
        "requests_per_sec": 8.231951646554187,
        "http_req_failed_rate": null,
        "trade_accepted": 988,
        "trace_sampled": 203,
        "trace_timed_out": 52,
        "saga_completed": null,
        "saga_compensated": 68,
        "saga_failed": 52,
        "business_failure_rate": null,
        "trade_e2e_p95_s": 2.2376,
        "trade_e2e_p99_s": null
      },
      "prometheus": {
        "http_p95_s": 0.05816101299999995,
        "http_p99_s": 0.12795423311999962,
        "saga_p95_s": 2.406500314828947,
        "outbox_backlog_max": 485.0,
        "hikari_active_max": 1.0,
        "hikari_pending_max": 0.0,
        "kafka_lag_max": 148.0,
        "fx_core_tx_p95_s": 0.05256860799999995,
        "fx_core_lock_wait_p95_s": 0.020132658999999966
      }
    },
    "notification_fail": {
      "description": "\u901a\u77e5\u5931\u6557\u975e\u81f4\u547d",
      "mode": "notification_fail",
      "duration": "90s",
      "window": "120s",
      "passed": false,
      "k6": {
        "average_s": 0.4919802369944088,
        "p95_s": 0.19242057415,
        "p99_s": null,
        "slowest_s": 28.562146781,
        "requests_per_sec": 10.43315671372716,
        "http_req_failed_rate": null,
        "trade_accepted": 1252,
        "trace_sampled": 254,
        "trace_timed_out": 1,
        "saga_completed": 245,
        "saga_compensated": null,
        "saga_failed": 1,
        "business_failure_rate": null,
        "trade_e2e_p95_s": 1.6771999999999994,
        "trade_e2e_p99_s": null
      },
      "prometheus": {
        "http_p95_s": 0.04020939295,
        "http_p99_s": 0.09272208004500021,
        "saga_p95_s": 1.5233712123812495,
        "outbox_backlog_max": 485.0,
        "hikari_active_max": 2.0,
        "hikari_pending_max": 0.0,
        "kafka_lag_max": 145.0,
        "fx_core_tx_p95_s": 0.03427345449999997,
        "fx_core_lock_wait_p95_s": 0.012762665842857134
      }
    },
    "stress": {
      "description": "\u30b9\u30c8\u30ec\u30b9",
      "mode": "stress",
      "duration": "180s",
      "window": "210s",
      "passed": false,
      "k6": {
        "average_s": 0.3835991203779334,
        "p95_s": 0.30933466779999985,
        "p99_s": null,
        "slowest_s": 29.951508792000002,
        "requests_per_sec": 61.46108042921175,
        "http_req_failed_rate": null,
        "trade_accepted": 12907,
        "trace_sampled": 255,
        "trace_timed_out": 14,
        "saga_completed": 239,
        "saga_compensated": null,
        "saga_failed": 14,
        "business_failure_rate": null,
        "trade_e2e_p95_s": 9.5515,
        "trade_e2e_p99_s": null
      },
      "prometheus": {
        "http_p95_s": 0.12469945326449991,
        "http_p99_s": 0.2734499794302083,
        "saga_p95_s": 7.905569841009883,
        "outbox_backlog_max": 641.0,
        "hikari_active_max": 7.0,
        "hikari_pending_max": 0.0,
        "kafka_lag_max": 1022.0,
        "fx_core_tx_p95_s": 0.0994888903974999,
        "fx_core_lock_wait_p95_s": 0.034314801855263165
      }
    },
    "soak": {
      "description": "\u8010\u4e45(\u77ed\u7e2e\u7248)",
      "mode": "soak",
      "duration": "180s",
      "window": "210s",
      "passed": false,
      "k6": {
        "average_s": 0.1596247300048426,
        "p95_s": 0.19410591589999998,
        "p99_s": null,
        "slowest_s": 0.5831581969999999,
        "requests_per_sec": 15.77055800487284,
        "http_req_failed_rate": null,
        "trade_accepted": 3304,
        "trace_sampled": 68,
        "trace_timed_out": 2,
        "saga_completed": 66,
        "saga_compensated": null,
        "saga_failed": 2,
        "business_failure_rate": null,
        "trade_e2e_p95_s": 1.7402499999999999,
        "trade_e2e_p99_s": null
      },
      "prometheus": {
        "http_p95_s": 0.04376879425000001,
        "http_p99_s": 0.10829133626099985,
        "saga_p95_s": 1.882627330659999,
        "outbox_backlog_max": 488.0,
        "hikari_active_max": 2.0,
        "hikari_pending_max": 0.0,
        "kafka_lag_max": 426.0,
        "fx_core_tx_p95_s": 0.038321956262500005,