{
  "namespace": "fx-trading-sample",
  "replicas": 5,
  "script": "k6-test-plan-suite.js",
  "generated_at_epoch": 1775426657.584105,
  "scenarios": {
    "smoke": {
      "description": "\u30b9\u30e2\u30fc\u30af",
      "mode": "smoke",
      "duration": "90s",
      "window": "120s",
      "passed": false,
      "k6": {
        "average_s": 3.323748205077441,
        "p95_s": 26.4521533766,
        "p99_s": null,
        "slowest_s": 29.350666818999997,
        "requests_per_sec": 2.474965640402634,
        "http_req_failed_rate": null,
        "trade_accepted": 297,
        "trace_sampled": 297,
        "trace_timed_out": 164,
        "saga_completed": 132,
        "saga_compensated": null,
        "saga_failed": 164,
        "business_failure_rate": null,
        "trade_e2e_p95_s": 3.418749999999996,
        "trade_e2e_p99_s": null
      },
      "prometheus": {
        "http_p95_s": 0.04800147725,
        "http_p99_s": 0.07046430715000025,
        "saga_p95_s": 1.63924585078,
        "outbox_backlog_max": 2.0,
        "hikari_active_max": 2.0,
        "hikari_pending_max": 0.0,
        "kafka_lag_max": 38.0,
        "fx_core_tx_p95_s": 0.03844778537499999,
        "fx_core_lock_wait_p95_s": 0.010310995875000001
      }
    },
    "baseline": {
      "description": "\u30d9\u30fc\u30b9\u30e9\u30a4\u30f3",
      "mode": "baseline",
      "duration": "120s",
      "window": "150s",
      "passed": false,
      "k6": {
        "average_s": 2.147422418479967,
        "p95_s": 14.548208036549987,
        "p99_s": null,
        "slowest_s": 29.667442984,
        "requests_per_sec": 24.9573990122514,
        "http_req_failed_rate": null,
        "trade_accepted": 3744,
        "trace_sampled": 186,
        "trace_timed_out": 58,
        "saga_completed": 100,
        "saga_compensated": 6,
        "saga_failed": 58,
        "business_failure_rate": null,
        "trade_e2e_p95_s": 27.052999999999997,
        "trade_e2e_p99_s": null
      },
      "prometheus": {
        "http_p95_s": 0.26284304999999936,
        "http_p99_s": 0.5346339488749996,
        "saga_p95_s": 13.2177618513625,
        "outbox_backlog_max": 165.0,
        "hikari_active_max": 5.0,
        "hikari_pending_max": 0.0,
        "kafka_lag_max": 963.0,
        "fx_core_tx_p95_s": 0.1890232984499999,
        "fx_core_lock_wait_p95_s": 0.05392676349999996
      }
    },
    "cover_fail": {
      "description": "Cover\u5931\u6557\u88dc\u511f",
      "mode": "cover_fail",
      "duration": "90s",
      "window": "120s",
      "passed": false,
      "k6": {
        "average_s": 0.16571132794183055,
        "p95_s": 0.21314029680000002,
        "p99_s": null,
        "slowest_s": 0.542652404,
        "requests_per_sec": 9.746677051837832,
        "http_req_failed_rate": null,
        "trade_accepted": 1169,
        "trace_sampled": 254,
        "trace_timed_out": null,
        "saga_completed": null,
        "saga_compensated": 254,
        "saga_failed": null,
        "business_failure_rate": null,
        "trade_e2e_p95_s": 1.2632499999999995,
        "trade_e2e_p99_s": null
      },
      "prometheus": {
        "http_p95_s": 0.07516192755999992,
        "http_p99_s": 0.18074653867999996,
        "saga_p95_s": 0.669921527826087,
        "outbox_backlog_max": 4.0,
        "hikari_active_max": 2.0,
        "hikari_pending_max": 0.0,
        "kafka_lag_max": 124.0,
        "fx_core_tx_p95_s": 0.07009148013333334,
        "fx_core_lock_wait_p95_s": 0.02125114000000001
      }
    },
    "accounting_fail": {
      "description": "\u4f1a\u8a08\u5931\u6557\u88dc\u511f",
      "mode": "accounting_fail",
      "duration": "90s",
      "window": "120s",
      "passed": false,
      "k6": {
        "average_s": 0.4878109820532755,
        "p95_s": 0.3489384493999997,
        "p99_s": null,
        "slowest_s": 26.007889091000003,
        "requests_per_sec": 9.541177087323158,
        "http_req_failed_rate": null,
        "trade_accepted": 1145,
        "trace_sampled": 235,
        "trace_timed_out": null,
        "saga_completed": null,
        "saga_compensated": 204,
        "saga_failed": null,
        "business_failure_rate": null,
        "trade_e2e_p95_s": 2.92245,
        "trade_e2e_p99_s": null
      },
      "prometheus": {
        "http_p95_s": 0.10262063733749979,
        "http_p99_s": 0.23420993286999964,
        "saga_p95_s": 1.7955349383499992,
        "outbox_backlog_max": 22.0,
        "hikari_active_max": 1.0,
        "hikari_pending_max": 0.0,
        "kafka_lag_max": 186.0,
        "fx_core_tx_p95_s": 0.08705510939166655,
        "fx_core_lock_wait_p95_s": 0.024420169499999957
      }
    },
    "notification_fail": {
      "description": "\u901a\u77e5\u5931\u6557\u975e\u81f4\u547d",
      "mode": "notification_fail",
      "duration": "90s",
      "window": "120s",
      "passed": false,
      "k6": {
        "average_s": 0.5263805975036624,
        "p95_s": 0.2537367475999998,
        "p99_s": null,
        "slowest_s": 29.721815178,
        "requests_per_sec": 10.24146948867875,
        "http_req_failed_rate": null,
        "trade_accepted": 1229,
        "trace_sampled": 263,
        "trace_timed_out": 22,
        "saga_completed": 240,
        "saga_compensated": null,
        "saga_failed": 22,
        "business_failure_rate": null,
        "trade_e2e_p95_s": 1.67705,
        "trade_e2e_p99_s": null
      },
      "prometheus": {
        "http_p95_s": 0.06207569679999979,
        "http_p99_s": 0.12178021772399993,
        "saga_p95_s": 0.798678330074074,
        "outbox_backlog_max": 4.0,
        "hikari_active_max": 2.0,
        "hikari_pending_max": 0.0,
        "kafka_lag_max": 375.0,
        "fx_core_tx_p95_s": 0.04932501309999997,
        "fx_core_lock_wait_p95_s": 0.016148069199999976
      }
    },
    "stress": {
      "description": "\u30b9\u30c8\u30ec\u30b9",
      "mode": "stress",
      "duration": "180s",
      "window": "210s",
      "passed": false,
      "k6": {
        "average_s": 0.7133582367276231,
        "p95_s": 0.6319596295499993,
        "p99_s": null,
        "slowest_s": 29.830197163,
        "requests_per_sec": 50.74484225511995,
        "http_req_failed_rate": null,
        "trade_accepted": 10658,
        "trace_sampled": 217,
        "trace_timed_out": 68,
        "saga_completed": 115,
        "saga_compensated": null,
        "saga_failed": 68,
        "business_failure_rate": null,
        "trade_e2e_p95_s": 27.082699999999996,
        "trade_e2e_p99_s": null
      },
      "prometheus": {
        "http_p95_s": 0.24484330620116285,
        "http_p99_s": 0.5175540851205861,
        "saga_p95_s": 7.651305280071874,
        "outbox_backlog_max": 553.0,
        "hikari_active_max": 5.0,
        "hikari_pending_max": 0.0,
        "kafka_lag_max": 2139.0,
        "fx_core_tx_p95_s": 0.17020270385865388,
        "fx_core_lock_wait_p95_s": 0.04170710891406251
      }
    },
    "soak": {
      "description": "\u8010\u4e45(\u77ed\u7e2e\u7248)",
      "mode": "soak",
      "duration": "180s",
      "window": "210s",
      "passed": false,
      "k6": {
        "average_s": 0.3319042782815236,
        "p95_s": 0.24761229134999996,
        "p99_s": null,
        "slowest_s": 29.633456837999997,
        "requests_per_sec": 15.25694002491613,
        "http_req_failed_rate": null,
        "trade_accepted": 3204,
        "trace_sampled": 59,
        "trace_timed_out": 10,
        "saga_completed": 47,
        "saga_compensated": null,
        "saga_failed": 10,
        "business_failure_rate": null,
        "trade_e2e_p95_s": 7.304699999999999,
        "trade_e2e_p99_s": null
      },
      "prometheus": {
        "http_p95_s": 0.07640991694210524,
        "http_p99_s": 0.16430486724499976,
        "saga_p95_s": 5.514343068258615,
        "outbox_backlog_max": 257.0,
        "hikari_active_max": 5.0,
        "hikari_pending_max": 0.0,
        "kafka_lag_max": 310.0,
        "fx_core_tx_p95_s": 0.06424275489999996,