{
  "namespace": "fx-trading-sample",
  "replicas": 3,
  "script": "k6-test-plan-suite.js",
  "generated_at_epoch": 1775395552.024786,
  "scenarios": {
    "smoke": {
      "description": "\u30b9\u30e2\u30fc\u30af",
      "mode": "smoke",
      "duration": "90s",
      "window": "120s",
      "passed": false,
      "k6": {
        "average_s": 0.7641023050769229,
        "p95_s": 0.2676953286,
        "p99_s": null,
        "slowest_s": 28.966605518,
        "requests_per_sec": 2.7127757299270105,
        "http_req_failed_rate": null,
        "trade_accepted": 325,
        "trace_sampled": 325,
        "trace_timed_out": 71,
        "saga_completed": 254,
        "saga_compensated": null,
        "saga_failed": 71,
        "business_failure_rate": null,
        "trade_e2e_p95_s": 1.1273499999999999,
        "trade_e2e_p99_s": null
      },
      "prometheus": {
        "http_p95_s": 0.005752187971428567,
        "http_p99_s": 0.008612303159999994,
        "saga_p95_s": 0.17675290340147057,
        "outbox_backlog_max": 1.0,
        "hikari_active_max": 0.0,
        "hikari_pending_max": 0.0,
        "kafka_lag_max": 49.0,
        "fx_core_tx_p95_s": 0.004318579644444442,
        "fx_core_lock_wait_p95_s": 0.00115731711111111
      }
    },
    "baseline": {
      "description": "\u30d9\u30fc\u30b9\u30e9\u30a4\u30f3",
      "mode": "baseline",
      "duration": "120s",
      "window": "150s",
      "passed": false,
      "k6": {
        "average_s": 2.599253310270561,
        "p95_s": 19.9429082938,
        "p99_s": null,
        "slowest_s": 29.792416828,
        "requests_per_sec": 16.779827465339384,
        "http_req_failed_rate": null,
        "trade_accepted": 2517,
        "trace_sampled": 112,
        "trace_timed_out": 19,
        "saga_completed": 89,
        "saga_compensated": 2,
        "saga_failed": 19,
        "business_failure_rate": null,
        "trade_e2e_p95_s": 1.1374999999999997,
        "trade_e2e_p99_s": null
      },
      "prometheus": {
        "http_p95_s": 0.00529739286238532,
        "http_p99_s": 0.008332682960000034,
        "saga_p95_s": 0.6001769391374997,
        "outbox_backlog_max": 2.0,
        "hikari_active_max": 1.0,
        "hikari_pending_max": 0.0,
        "kafka_lag_max": 221.0,
        "fx_core_tx_p95_s": 0.003830794999999999,
        "fx_core_lock_wait_p95_s": 0.0009775362318840577
      }
    },
    "cover_fail": {
      "description": "Cover\u5931\u6557\u88dc\u511f",
      "mode": "cover_fail",
      "duration": "90s",
      "window": "120s",
      "passed": false,
      "k6": {
        "average_s": 0.1553026219579686,
        "p95_s": 0.17399943699999998,
        "p99_s": null,
        "slowest_s": 0.309415074,
        "requests_per_sec": 4.76339113542436,
        "http_req_failed_rate": null,
        "trade_accepted": 571,
        "trace_sampled": 121,
        "trace_timed_out": null,
        "saga_completed": null,
        "saga_compensated": 121,
        "saga_failed": null,
        "business_failure_rate": null,
        "trade_e2e_p95_s": 1.11,
        "trade_e2e_p99_s": null
      },
      "prometheus": {
        "http_p95_s": 0.005511378692045456,
        "http_p99_s": 0.007612660945000021,
        "saga_p95_s": 0.17155778666923077,
        "outbox_backlog_max": 3.0,
        "hikari_active_max": 1.0,
        "hikari_pending_max": 0.0,
        "kafka_lag_max": 50.0,
        "fx_core_tx_p95_s": 0.004126582950000002,
        "fx_core_lock_wait_p95_s": 0.0009736907730673316
      }
    },
    "accounting_fail": {
      "description": "\u4f1a\u8a08\u5931\u6557\u88dc\u511f",
      "mode": "accounting_fail",
      "duration": "90s",
      "window": "120s",
      "passed": false,
      "k6": {
        "average_s": 2.60000406961769,
        "p95_s": 24.277029719399987,
        "p99_s": null,
        "slowest_s": 29.916754923,
        "requests_per_sec": 5.558113383177726,
        "http_req_failed_rate": null,
        "trade_accepted": 667,
        "trace_sampled": 147,
        "trace_timed_out": null,
        "saga_completed": null,
        "saga_compensated": 127,
        "saga_failed": null,
        "business_failure_rate": null,
        "trade_e2e_p95_s": 1.1227,
        "trade_e2e_p99_s": null
      },
      "prometheus": {
        "http_p95_s": 0.0055809451557377035,
        "http_p99_s": 0.008168905414285712,
        "saga_p95_s": 0.8498101388026316,
        "outbox_backlog_max": 9.0,
        "hikari_active_max": 0.0,
        "hikari_pending_max": 0.0,
        "kafka_lag_max": 793.0,
        "fx_core_tx_p95_s": 0.00477684608333333,
        "fx_core_lock_wait_p95_s": 0.0011205370294117636
      }
    },
    "notification_fail": {
      "description": "\u901a\u77e5\u5931\u6557\u975e\u81f4\u547d",
      "mode": "notification_fail",
      "duration": "90s",
      "window": "120s",
      "passed": false,
      "k6": {
        "average_s": 0.967482171062176,
        "p95_s": 0.17429671719999995,
        "p99_s": null,
        "slowest_s": 29.923033336,
        "requests_per_sec": 4.824950470998841,
        "http_req_failed_rate": null,
        "trade_accepted": 579,
        "trace_sampled": 115,
        "trace_timed_out": null,
        "saga_completed": 110,
        "saga_compensated": null,
        "saga_failed": null,
        "business_failure_rate": null,
        "trade_e2e_p95_s": 1.1312,
        "trade_e2e_p99_s": null
      },
      "prometheus": {
        "http_p95_s": 0.005950668381249997,
        "http_p99_s": 0.007526444716666684,
        "saga_p95_s": 1.5396470403017237,
        "outbox_backlog_max": 180.0,
        "hikari_active_max": 2.0,
        "hikari_pending_max": 0.0,
        "kafka_lag_max": 75.0,
        "fx_core_tx_p95_s": 0.00375739475,
        "fx_core_lock_wait_p95_s": 0.0009650395778364116
      }
    },
    "stress": {
      "description": "\u30b9\u30c8\u30ec\u30b9",
      "mode": "stress",
      "duration": "180s",
      "window": "210s",
      "passed": false,
      "k6": {
        "average_s": 0.624227339247463,
        "p95_s": 0.23735487499999997,
        "p99_s": null,
        "slowest_s": 29.758899032000002,
        "requests_per_sec": 75.5793251352699,
        "http_req_failed_rate": null,
        "trade_accepted": 13675,
        "trace_sampled": 257,
        "trace_timed_out": null,
        "saga_completed": 257,
        "saga_compensated": null,
        "saga_failed": null,
        "business_failure_rate": null,
        "trade_e2e_p95_s": 4.063399999999985,
        "trade_e2e_p99_s": null
      },
      "prometheus": {
        "http_p95_s": 0.004248565961888106,
        "http_p99_s": 0.008426134974210485,
        "saga_p95_s": 0.46924182349999977,
        "outbox_backlog_max": 180.0,
        "hikari_active_max": 1.0,
        "hikari_pending_max": 0.0,
        "kafka_lag_max": 815.0,
        "fx_core_tx_p95_s": 0.003254189710317457,
        "fx_core_lock_wait_p95_s": 0.0009702539859102705
      }
    },
    "soak": {
      "description": "\u8010\u4e45(\u77ed\u7e2e\u7248)",
      "mode": "soak",
      "duration": "180s",
      "window": "210s",
      "passed": true,
      "k6": {
        "average_s": 0.16697838684527766,
        "p95_s": 0.2284752539,
        "p99_s": null,
        "slowest_s": 0.34311859,
        "requests_per_sec": 19.98907169321466,
        "http_req_failed_rate": null,
        "trade_accepted": 3600,
        "trace_sampled": 79,
        "trace_timed_out": null,
        "saga_completed": 79,
        "saga_compensated": null,
        "saga_failed": null,
        "business_failure_rate": null,
        "trade_e2e_p95_s": 1.0600999999999998,
        "trade_e2e_p99_s": null
      },
      "prometheus": {
        "http_p95_s": 0.0038440161630434776,
        "http_p99_s": 0.006395536352222202,
        "saga_p95_s": 0.17810225672369615,
        "outbox_backlog_max": 6.0,
        "hikari_active_max": 1.0,
        "hikari_pending_max": 0.0,
        "kafka_lag_max": 815.0,
        "fx_core_tx_p95_s": 0.0027576392744565214,