{
  "namespace": "fx-trading-sample",
  "replicas": 3,
  "script": "k6-test-plan-suite.js",
  "generated_at_epoch": 1775382597.557329,
  "scenarios": {
    "smoke": {
      "description": "\u30b9\u30e2\u30fc\u30af",
      "mode": "smoke",
      "duration": "90s",
      "window": "120s",
      "passed": true,
      "k6": {
        "average_s": 0.1907393310643016,
        "p95_s": 0.26890910649999994,
        "p99_s": null,
        "slowest_s": 0.8485135,
        "requests_per_sec": 4.921213011595688,
        "http_req_failed_rate": null,
        "trade_accepted": 451,
        "trace_sampled": 451,
        "trace_timed_out": 2,
        "saga_completed": 449,
        "saga_compensated": null,
        "saga_failed": 2,
        "business_failure_rate": null,
        "trade_e2e_p95_s": 1.8417999999999999,
        "trade_e2e_p99_s": null
      },
      "prometheus": {
        "http_p95_s": 0.07195561521666667,
        "http_p99_s": 0.10659124506499995,
        "saga_p95_s": 1.3054440068578943,
        "outbox_backlog_max": 484.0,
        "hikari_active_max": 2.0,
        "hikari_pending_max": 0.0,
        "kafka_lag_max": 47.0,
        "fx_core_tx_p95_s": 0.061516456,
        "fx_core_lock_wait_p95_s": 0.01258291
      }
    },
    "baseline": {
      "description": "\u30d9\u30fc\u30b9\u30e9\u30a4\u30f3",
      "mode": "baseline",
      "duration": "120s",
      "window": "150s",
      "passed": false,
      "k6": {
        "average_s": 0.19506300354107695,
        "p95_s": 0.317125495,
        "p99_s": null,
        "slowest_s": 1.007790172,
        "requests_per_sec": 40.005359741703955,
        "http_req_failed_rate": null,
        "trade_accepted": 6001,
        "trace_sampled": 277,
        "trace_timed_out": 7,
        "saga_completed": 259,
        "saga_compensated": 10,
        "saga_failed": 7,
        "business_failure_rate": null,
        "trade_e2e_p95_s": 4.4778,
        "trade_e2e_p99_s": null
      },
      "prometheus": {
        "http_p95_s": 0.11516053064807667,
        "http_p99_s": 0.2682117597599995,
        "saga_p95_s": 3.6250717000949995,
        "outbox_backlog_max": 507.0,
        "hikari_active_max": 2.0,
        "hikari_pending_max": 0.0,
        "kafka_lag_max": 462.0,
        "fx_core_tx_p95_s": 0.09918893411590907,
        "fx_core_lock_wait_p95_s": 0.026583897624999964
      }
    },
    "cover_fail": {
      "description": "Cover\u5931\u6557\u88dc\u511f",
      "mode": "cover_fail",
      "duration": "90s",
      "window": "120s",
      "passed": true,
      "k6": {
        "average_s": 0.17576891370022185,
        "p95_s": 0.23893701250000002,
        "p99_s": null,
        "slowest_s": 0.568863982,
        "requests_per_sec": 14.860727696810837,
        "http_req_failed_rate": null,
        "trade_accepted": 1351,
        "trace_sampled": 262,
        "trace_timed_out": null,
        "saga_completed": null,
        "saga_compensated": 262,
        "saga_failed": null,
        "business_failure_rate": null,
        "trade_e2e_p95_s": 1.72165,
        "trade_e2e_p99_s": null
      },
      "prometheus": {
        "http_p95_s": 0.03086308609374993,
        "http_p99_s": 0.05970824504999994,
        "saga_p95_s": 0.8512501265673077,
        "outbox_backlog_max": 486.0,
        "hikari_active_max": 3.0,
        "hikari_pending_max": 0.0,
        "kafka_lag_max": 112.0,
        "fx_core_tx_p95_s": 0.027832970500000012,
        "fx_core_lock_wait_p95_s": 0.0066332135222222244
      }
    },
    "accounting_fail": {
      "description": "\u4f1a\u8a08\u5931\u6557\u88dc\u511f",
      "mode": "accounting_fail",
      "duration": "90s",
      "window": "120s",
      "passed": false,
      "k6": {
        "average_s": 0.17937162758971778,
        "p95_s": 0.2513238903999999,
        "p99_s": null,
        "slowest_s": 0.5816991850000001,
        "requests_per_sec": 8.264654735991407,
        "http_req_failed_rate": null,
        "trade_accepted": 992,
        "trace_sampled": 207,
        "trace_timed_out": 63,
        "saga_completed": null,
        "saga_compensated": 57,
        "saga_failed": 63,
        "business_failure_rate": null,
        "trade_e2e_p95_s": 2.4123999999999994,
        "trade_e2e_p99_s": null
      },
      "prometheus": {
        "http_p95_s": 0.12280922028999999,
        "http_p99_s": 0.3075503365857135,
        "saga_p95_s": 1.6821955236999997,
        "outbox_backlog_max": 486.0,
        "hikari_active_max": 3.0,
        "hikari_pending_max": 0.0,
        "kafka_lag_max": 166.0,
        "fx_core_tx_p95_s": 0.10671946118536578,
        "fx_core_lock_wait_p95_s": 0.024434509000000004
      }
    },
    "notification_fail": {
      "description": "\u901a\u77e5\u5931\u6557\u975e\u81f4\u547d",
      "mode": "notification_fail",
      "duration": "90s",
      "window": "120s",
      "passed": true,
      "k6": {
        "average_s": 0.18931553390895625,
        "p95_s": 0.27210972699999997,
        "p99_s": null,
        "slowest_s": 0.518383833,
        "requests_per_sec": 12.576447427804878,
        "http_req_failed_rate": null,
        "trade_accepted": 1351,
        "trace_sampled": 260,
        "trace_timed_out": 1,
        "saga_completed": 259,
        "saga_compensated": null,
        "saga_failed": 1,
        "business_failure_rate": null,
        "trade_e2e_p95_s": 1.8512,
        "trade_e2e_p99_s": null
      },
      "prometheus": {
        "http_p95_s": 0.04758204687500003,
        "http_p99_s": 0.08970218121000116,
        "saga_p95_s": 1.3134766335377357,
        "outbox_backlog_max": 487.0,
        "hikari_active_max": 3.0,
        "hikari_pending_max": 0.0,
        "kafka_lag_max": 71.0,
        "fx_core_tx_p95_s": 0.03937053219999997,
        "fx_core_lock_wait_p95_s": 0.01055566354999999
      }
    },
    "stress": {
      "description": "\u30b9\u30c8\u30ec\u30b9",
      "mode": "stress",
      "duration": "180s",
      "window": "210s",
      "passed": true,
      "k6": {
        "average_s": 0.19958799904453997,
        "p95_s": 0.3340289226,
        "p99_s": null,
        "slowest_s": 1.012859722,
        "requests_per_sec": 67.13609294696231,
        "http_req_failed_rate": null,
        "trade_accepted": 14099,
        "trace_sampled": 282,
        "trace_timed_out": 8,
        "saga_completed": 265,
        "saga_compensated": null,
        "saga_failed": 8,
        "business_failure_rate": null,
        "trade_e2e_p95_s": 22.0476,
        "trade_e2e_p99_s": null
      },
      "prometheus": {
        "http_p95_s": 0.17041779636826923,
        "http_p99_s": 0.3426295548887754,
        "saga_p95_s": 21.82405690414173,
        "outbox_backlog_max": 1887.0,
        "hikari_active_max": 8.0,
        "hikari_pending_max": 6.0,
        "kafka_lag_max": 1177.0,
        "fx_core_tx_p95_s": 0.13749327864642844,
        "fx_core_lock_wait_p95_s": 0.03799584101744185
      }
    },
    "soak": {
      "description": "\u8010\u4e45(\u77ed\u7e2e\u7248)",
      "mode": "soak",
      "duration": "180s",
      "window": "210s",
      "passed": true,
      "k6": {
        "average_s": 0.1780054425113894,
        "p95_s": 0.24397625579999996,
        "p99_s": null,
        "slowest_s": 0.418703575,
        "requests_per_sec": 17.14275768767904,
        "http_req_failed_rate": null,
        "trade_accepted": 3600,
        "trace_sampled": 80,
        "trace_timed_out": null,
        "saga_completed": 78,
        "saga_compensated": null,
        "saga_failed": null,
        "business_failure_rate": null,
        "trade_e2e_p95_s": 2.3396,
        "trade_e2e_p99_s": null
      },
      "prometheus": {
        "http_p95_s": 0.04719989919999994,
        "http_p99_s": 0.10635157055428549,
        "saga_p95_s": 1.4269031372588523,
        "outbox_backlog_max": 488.0,
        "hikari_active_max": 3.0,
        "hikari_pending_max": 0.0,
        "kafka_lag_max": 198.0,
        "fx_core_tx_p95_s": 0.03845444299999998,
        "fx_core_lock_wait_p95_s": 0.008458512049999986
      }
    }
  }
}