{
  "namespace": "fx-trading-sample",
  "replicas": 1,
  "script": "k6-test-plan-suite.js",
  "generated_at_epoch": 1775394550.417363,
  "scenarios": {
    "smoke": {
      "description": "\u30b9\u30e2\u30fc\u30af",
      "mode": "smoke",
      "duration": "90s",
      "window": "120s",
      "passed": true,
      "k6": {
        "average_s": 0.17803269083148557,
        "p95_s": 0.23953518149999997,
        "p99_s": null,
        "slowest_s": 0.32258736499999996,
        "requests_per_sec": 4.956709458889443,
        "http_req_failed_rate": null,
        "trade_accepted": 451,
        "trace_sampled": 451,
        "trace_timed_out": null,
        "saga_completed": 451,
        "saga_compensated": null,
        "saga_failed": null,
        "business_failure_rate": null,
        "trade_e2e_p95_s": 1.139,
        "trade_e2e_p99_s": null
      },
      "prometheus": {
        "http_p95_s": 0.009581324748457354,
        "http_p99_s": 0.012932435249999985,
        "saga_p95_s": 0.22178013742750943,
        "outbox_backlog_max": 6.0,
        "hikari_active_max": 1.0,
        "hikari_pending_max": 0.0,
        "kafka_lag_max": 8.0,
        "fx_core_tx_p95_s": 0.005708913416666663,
        "fx_core_lock_wait_p95_s": 0.00127689475
      }
    },
    "baseline": {
      "description": "\u30d9\u30fc\u30b9\u30e9\u30a4\u30f3",
      "mode": "baseline",
      "duration": "120s",
      "window": "150s",
      "passed": true,
      "k6": {
        "average_s": 0.16723023725733302,
        "p95_s": 0.22969348644999998,
        "p99_s": null,
        "slowest_s": 0.31215071,
        "requests_per_sec": 49.65291417720358,
        "http_req_failed_rate": null,
        "trade_accepted": 6000,
        "trace_sampled": 332,
        "trace_timed_out": null,
        "saga_completed": 325,
        "saga_compensated": 7,
        "saga_failed": null,
        "business_failure_rate": null,
        "trade_e2e_p95_s": 1.0538999999999998,
        "trade_e2e_p99_s": null
      },
      "prometheus": {
        "http_p95_s": 0.006102396053065776,
        "http_p99_s": 0.008838541321818157,
        "saga_p95_s": 0.22152130596590616,
        "outbox_backlog_max": 6.0,
        "hikari_active_max": 2.0,
        "hikari_pending_max": 0.0,
        "kafka_lag_max": 142.0,
        "fx_core_tx_p95_s": 0.004054492799999999,
        "fx_core_lock_wait_p95_s": 0.0010662069070796459
      }
    },
    "cover_fail": {
      "description": "Cover\u5931\u6557\u88dc\u511f",
      "mode": "cover_fail",
      "duration": "90s",
      "window": "120s",
      "passed": true,
      "k6": {
        "average_s": 0.16611186987120655,
        "p95_s": 0.22717857849999998,
        "p99_s": null,
        "slowest_s": 0.27567087199999996,
        "requests_per_sec": 14.850627593146859,
        "http_req_failed_rate": null,
        "trade_accepted": 1351,
        "trace_sampled": 266,
        "trace_timed_out": null,
        "saga_completed": null,
        "saga_compensated": 266,
        "saga_failed": null,
        "business_failure_rate": null,
        "trade_e2e_p95_s": 1.081,
        "trade_e2e_p99_s": null
      },
      "prometheus": {
        "http_p95_s": 0.005522499949999997,
        "http_p99_s": 0.007676846490909071,
        "saga_p95_s": 0.178806385085401,
        "outbox_backlog_max": 4.0,
        "hikari_active_max": 2.0,
        "hikari_pending_max": 0.0,
        "kafka_lag_max": 89.0,
        "fx_core_tx_p95_s": 0.004435355896551719,
        "fx_core_lock_wait_p95_s": 0.0009714285714285712
      }
    },
    "accounting_fail": {
      "description": "\u4f1a\u8a08\u5931\u6557\u88dc\u511f",
      "mode": "accounting_fail",
      "duration": "90s",
      "window": "120s",
      "passed": true,
      "k6": {
        "average_s": 0.16589762273629607,
        "p95_s": 0.22735486459999998,
        "p99_s": null,
        "slowest_s": 0.258686874,
        "requests_per_sec": 14.908195206865171,
        "http_req_failed_rate": null,
        "trade_accepted": 1350,
        "trace_sampled": 281,
        "trace_timed_out": null,
        "saga_completed": null,
        "saga_compensated": 281,
        "saga_failed": null,
        "business_failure_rate": null,
        "trade_e2e_p95_s": 1.052,
        "trade_e2e_p99_s": null
      },
      "prometheus": {
        "http_p95_s": 0.005825421833333328,
        "http_p99_s": 0.00789927165,
        "saga_p95_s": 0.2429960095473176,
        "outbox_backlog_max": 6.0,
        "hikari_active_max": 1.0,
        "hikari_pending_max": 0.0,
        "kafka_lag_max": 72.0,
        "fx_core_tx_p95_s": 0.0046882996866666644,
        "fx_core_lock_wait_p95_s": 0.00098729792147806
      }
    },
    "notification_fail": {
      "description": "\u901a\u77e5\u5931\u6557\u975e\u81f4\u547d",
      "mode": "notification_fail",
      "duration": "90s",
      "window": "120s",
      "passed": true,
      "k6": {
        "average_s": 0.16223553156402676,
        "p95_s": 0.23609294099999997,
        "p99_s": null,
        "slowest_s": 0.368137698,
        "requests_per_sec": 14.85543646299283,
        "http_req_failed_rate": null,
        "trade_accepted": 1351,
        "trace_sampled": 268,
        "trace_timed_out": null,
        "saga_completed": 268,
        "saga_compensated": null,
        "saga_failed": null,
        "business_failure_rate": null,
        "trade_e2e_p95_s": 1.132,
        "trade_e2e_p99_s": null
      },
      "prometheus": {
        "http_p95_s": 0.005409632421354165,
        "http_p99_s": 0.006910750692954541,
        "saga_p95_s": 0.22240925998792335,
        "outbox_backlog_max": 2.0,
        "hikari_active_max": 0.0,
        "hikari_pending_max": 0.0,
        "kafka_lag_max": 83.0,
        "fx_core_tx_p95_s": 0.004370843872033894,
        "fx_core_lock_wait_p95_s": 0.0009701058201058199
      }
    },
    "stress": {
      "description": "\u30b9\u30c8\u30ec\u30b9",
      "mode": "stress",
      "duration": "180s",
      "window": "210s",
      "passed": true,
      "k6": {
        "average_s": 0.14987531116412486,
        "p95_s": 0.1580908848,
        "p99_s": null,
        "slowest_s": 0.521721658,
        "requests_per_sec": 78.10226589921125,
        "http_req_failed_rate": null,
        "trade_accepted": 14099,
        "trace_sampled": 229,
        "trace_timed_out": null,
        "saga_completed": 229,
        "saga_compensated": null,
        "saga_failed": null,
        "business_failure_rate": null,
        "trade_e2e_p95_s": 0.972,
        "trade_e2e_p99_s": null
      },
      "prometheus": {
        "http_p95_s": 0.004156513537113401,
        "http_p99_s": 0.006271986616915899,
        "saga_p95_s": 0.23815214838623075,
        "outbox_backlog_max": 18.0,
        "hikari_active_max": 2.0,
        "hikari_pending_max": 0.0,
        "kafka_lag_max": 1037.0,
        "fx_core_tx_p95_s": 0.0031365692013137552,
        "fx_core_lock_wait_p95_s": 0.0009722742450638791
      }
    },
    "soak": {
      "description": "\u8010\u4e45(\u77ed\u7e2e\u7248)",
      "mode": "soak",
      "duration": "180s",
      "window": "210s",
      "passed": true,
      "k6": {
        "average_s": 0.1513280722118858,
        "p95_s": 0.15977218199999998,
        "p99_s": null,
        "slowest_s": 0.513271762,
        "requests_per_sec": 19.989113521111726,
        "http_req_failed_rate": null,
        "trade_accepted": 3601,
        "trace_sampled": 71,
        "trace_timed_out": null,
        "saga_completed": 71,
        "saga_compensated": null,
        "saga_failed": null,
        "business_failure_rate": null,
        "trade_e2e_p95_s": 0.967,
        "trade_e2e_p99_s": null
      },
      "prometheus": {
        "http_p95_s": 0.005289483116666663,
        "http_p99_s": 0.007504859999473647,
        "saga_p95_s": 0.22282885030058858,
        "outbox_backlog_max": 9.0,
        "hikari_active_max": 1.0,
        "hikari_pending_max": 0.0,
        "kafka_lag_max": 1037.0,
        "fx_core_tx_p95_s": 0.003852154924444436,