{
  "namespace": "fx-trading-sample",
  "replicas": 1,
  "script": "k6-test-plan-suite.js",
  "generated_at_epoch": 1775381565.271515,
  "scenarios": {
    "smoke": {
      "description": "\u30b9\u30e2\u30fc\u30af",
      "mode": "smoke",
      "duration": "90s",
      "window": "120s",
      "passed": true,
      "k6": {
        "average_s": 0.1701916063644445,
        "p95_s": 0.2310851446,
        "p99_s": null,
        "slowest_s": 0.38048286000000003,
        "requests_per_sec": 4.959088154786349,
        "http_req_failed_rate": null,
        "trade_accepted": 450,
        "trace_sampled": 450,
        "trace_timed_out": 1,
        "saga_completed": 449,
        "saga_compensated": null,
        "saga_failed": 1,
        "business_failure_rate": null,
        "trade_e2e_p95_s": 1.1003999999999998,
        "trade_e2e_p99_s": null
      },
      "prometheus": {
        "http_p95_s": 0.009551140760288351,
        "http_p99_s": 0.013519637669999994,
        "saga_p95_s": 0.35905885592890324,
        "outbox_backlog_max": 483.0,
        "hikari_active_max": 2.0,
        "hikari_pending_max": 0.0,
        "kafka_lag_max": 50.0,
        "fx_core_tx_p95_s": 0.006517647234938801,
        "fx_core_lock_wait_p95_s": 0.0011729657794117636
      }
    },
    "baseline": {
      "description": "\u30d9\u30fc\u30b9\u30e9\u30a4\u30f3",
      "mode": "baseline",
      "duration": "120s",
      "window": "150s",
      "passed": true,
      "k6": {
        "average_s": 0.16719021616397312,
        "p95_s": 0.22881970599999998,
        "p99_s": null,
        "slowest_s": 0.615636598,
        "requests_per_sec": 40.58147474579044,
        "http_req_failed_rate": null,
        "trade_accepted": 6001,
        "trace_sampled": 317,
        "trace_timed_out": 3,
        "saga_completed": 308,
        "saga_compensated": 6,
        "saga_failed": 3,
        "business_failure_rate": null,
        "trade_e2e_p95_s": 1.0785999999999998,
        "trade_e2e_p99_s": null
      },
      "prometheus": {
        "http_p95_s": 0.00666655576829268,
        "http_p99_s": 0.012250861012500003,
        "saga_p95_s": 0.4315404989414773,
        "outbox_backlog_max": 489.0,
        "hikari_active_max": 2.0,
        "hikari_pending_max": 0.0,
        "kafka_lag_max": 249.0,
        "fx_core_tx_p95_s": 0.005209175529464287,
        "fx_core_lock_wait_p95_s": 0.000992245575221239
      }
    },
    "cover_fail": {
      "description": "Cover\u5931\u6557\u88dc\u511f",
      "mode": "cover_fail",
      "duration": "90s",
      "window": "120s",
      "passed": true,
      "k6": {
        "average_s": 0.1658450296373058,
        "p95_s": 0.22606572249999998,
        "p99_s": null,
        "slowest_s": 0.280213595,
        "requests_per_sec": 14.847172613291807,
        "http_req_failed_rate": null,
        "trade_accepted": 1351,
        "trace_sampled": 280,
        "trace_timed_out": null,
        "saga_completed": null,
        "saga_compensated": 280,
        "saga_failed": null,
        "business_failure_rate": null,
        "trade_e2e_p95_s": 1.054,
        "trade_e2e_p99_s": null
      },
      "prometheus": {
        "http_p95_s": 0.005528379814018691,
        "http_p99_s": 0.008166774974666658,
        "saga_p95_s": 0.3436051951910487,
        "outbox_backlog_max": 484.0,
        "hikari_active_max": 1.0,
        "hikari_pending_max": 0.0,
        "kafka_lag_max": 66.0,
        "fx_core_tx_p95_s": 0.004233737617948717,
        "fx_core_lock_wait_p95_s": 0.0009946009389671362
      }
    },
    "accounting_fail": {
      "description": "\u4f1a\u8a08\u5931\u6557\u88dc\u511f",
      "mode": "accounting_fail",
      "duration": "90s",
      "window": "120s",
      "passed": false,
      "k6": {
        "average_s": 0.16528191985979854,
        "p95_s": 0.227265767,
        "p99_s": null,
        "slowest_s": 0.251048035,
        "requests_per_sec": 10.756837599098994,
        "http_req_failed_rate": null,
        "trade_accepted": 1291,
        "trace_sampled": 255,
        "trace_timed_out": 33,
        "saga_completed": null,
        "saga_compensated": 141,
        "saga_failed": 33,
        "business_failure_rate": null,
        "trade_e2e_p95_s": 1.102,
        "trade_e2e_p99_s": null
      },
      "prometheus": {
        "http_p95_s": 0.005738570104545455,
        "http_p99_s": 0.009538545072499975,
        "saga_p95_s": 0.43918759672173147,
        "outbox_backlog_max": 484.0,
        "hikari_active_max": 1.0,
        "hikari_pending_max": 0.0,
        "kafka_lag_max": 170.0,
        "fx_core_tx_p95_s": 0.004859214824418609,
        "fx_core_lock_wait_p95_s": 0.0009945747800586512
      }
    },
    "notification_fail": {
      "description": "\u901a\u77e5\u5931\u6557\u975e\u81f4\u547d",
      "mode": "notification_fail",
      "duration": "90s",
      "window": "120s",
      "passed": true,
      "k6": {
        "average_s": 0.16704948018800916,
        "p95_s": 0.241004261,
        "p99_s": null,
        "slowest_s": 0.390932917,
        "requests_per_sec": 14.87885981250472,
        "http_req_failed_rate": null,
        "trade_accepted": 1351,
        "trace_sampled": 249,
        "trace_timed_out": null,
        "saga_completed": 249,
        "saga_compensated": null,
        "saga_failed": null,
        "business_failure_rate": null,
        "trade_e2e_p95_s": 1.1473999999999998,
        "trade_e2e_p99_s": null
      },
      "prometheus": {
        "http_p95_s": 0.0054371291809734495,
        "http_p99_s": 0.009085660212857113,
        "saga_p95_s": 0.378707520752841,
        "outbox_backlog_max": 485.0,
        "hikari_active_max": 1.0,
        "hikari_pending_max": 0.0,
        "kafka_lag_max": 65.0,
        "fx_core_tx_p95_s": 0.004367477873863631,
        "fx_core_lock_wait_p95_s": 0.0009804812834224598
      }
    },
    "stress": {
      "description": "\u30b9\u30c8\u30ec\u30b9",
      "mode": "stress",
      "duration": "180s",
      "window": "210s",
      "passed": true,
      "k6": {
        "average_s": 0.1496985857931773,
        "p95_s": 0.1595781123,
        "p99_s": null,
        "slowest_s": 0.21522166999999998,
        "requests_per_sec": 77.83180647893441,
        "http_req_failed_rate": null,
        "trade_accepted": 14099,
        "trace_sampled": 296,
        "trace_timed_out": null,
        "saga_completed": 296,
        "saga_compensated": null,
        "saga_failed": null,
        "business_failure_rate": null,
        "trade_e2e_p95_s": 0.97425,
        "trade_e2e_p99_s": null
      },
      "prometheus": {
        "http_p95_s": 0.007085187523417707,
        "http_p99_s": 0.013911455475249992,
        "saga_p95_s": 0.5855700283727903,
        "outbox_backlog_max": 495.0,
        "hikari_active_max": 3.0,
        "hikari_pending_max": 0.0,
        "kafka_lag_max": 916.0,
        "fx_core_tx_p95_s": 0.006122791973322143,
        "fx_core_lock_wait_p95_s": 0.0011597958214285698
      }
    },
    "soak": {
      "description": "\u8010\u4e45(\u77ed\u7e2e\u7248)",
      "mode": "soak",
      "duration": "180s",
      "window": "210s",
      "passed": true,
      "k6": {
        "average_s": 0.1706881328694452,
        "p95_s": 0.24937427699999998,
        "p99_s": null,
        "slowest_s": 0.629277203,
        "requests_per_sec": 19.899639214157645,
        "http_req_failed_rate": null,
        "trade_accepted": 3600,
        "trace_sampled": 70,
        "trace_timed_out": null,
        "saga_completed": 70,
        "saga_compensated": null,
        "saga_failed": null,
        "business_failure_rate": null,
        "trade_e2e_p95_s": 1.11495,
        "trade_e2e_p99_s": null
      },
      "prometheus": {
        "http_p95_s": 0.004988679568181814,
        "http_p99_s": 0.008238810464285713,
        "saga_p95_s": 0.43097435535779816,
        "outbox_backlog_max": 486.0,
        "hikari_active_max": 2.0,
        "hikari_pending_max": 0.0,
        "kafka_lag_max": 916.0,
        "fx_core_tx_p95_s": 0.0037249388571428525,