{
  "namespace": "fx-trading-sample",
  "replicas": 1,
  "script": "k6-test-plan-suite.js",
  "generated_at_epoch": 1775376664.2420669,
  "scenarios": {
    "smoke": {
      "description": "\u30b9\u30e2\u30fc\u30af",
      "mode": "smoke",
      "duration": "90s",
      "window": "120s",
      "passed": true,
      "k6": {
        "average_s": 0.16928339868888892,
        "p95_s": 0.22916458119999997,
        "p99_s": null,
        "slowest_s": 0.29905608300000003,
        "requests_per_sec": 4.958831747153705,
        "http_req_failed_rate": null,
        "trade_accepted": 450,
        "trace_sampled": 450,
        "trace_timed_out": null,
        "saga_completed": 450,
        "saga_compensated": null,
        "saga_failed": null,
        "business_failure_rate": null,
        "trade_e2e_p95_s": 1.1291,
        "trade_e2e_p99_s": null
      },
      "prometheus": {
        "http_p95_s": 0.009791029577801803,
        "http_p99_s": 0.017770900104489895,
        "saga_p95_s": 0.35490823568566154,
        "outbox_backlog_max": 484.0,
        "hikari_active_max": 1.0,
        "hikari_pending_max": 0.0,
        "kafka_lag_max": 42.0,
        "fx_core_tx_p95_s": 0.005738938377181981,
        "fx_core_lock_wait_p95_s": 0.0012498699879743835
      }
    },
    "baseline": {
      "description": "\u30d9\u30fc\u30b9\u30e9\u30a4\u30f3",
      "mode": "baseline",
      "duration": "120s",
      "window": "150s",
      "passed": false,
      "k6": {
        "average_s": 0.16535995651274776,
        "p95_s": 0.226026387,
        "p99_s": null,
        "slowest_s": 0.723560071,
        "requests_per_sec": 40.006093259598686,
        "http_req_failed_rate": null,
        "trade_accepted": 6001,
        "trace_sampled": 292,
        "trace_timed_out": 5,
        "saga_completed": 282,
        "saga_compensated": 4,
        "saga_failed": 5,
        "business_failure_rate": null,
        "trade_e2e_p95_s": 1.049,
        "trade_e2e_p99_s": null
      },
      "prometheus": {
        "http_p95_s": 0.004165229625454543,
        "http_p99_s": 0.007807929051333345,
        "saga_p95_s": 0.35365400964112126,
        "outbox_backlog_max": 487.0,
        "hikari_active_max": 1.0,
        "hikari_pending_max": 0.0,
        "kafka_lag_max": 434.0,
        "fx_core_tx_p95_s": 0.002912062064814814,
        "fx_core_lock_wait_p95_s": 0.0009627109921778508
      }
    },
    "cover_fail": {
      "description": "Cover\u5931\u6557\u88dc\u511f",
      "mode": "cover_fail",
      "duration": "90s",
      "window": "120s",
      "passed": true,
      "k6": {
        "average_s": 0.16567918820355304,
        "p95_s": 0.22694058749999999,
        "p99_s": null,
        "slowest_s": 0.274896544,
        "requests_per_sec": 14.890106390036209,
        "http_req_failed_rate": null,
        "trade_accepted": 1351,
        "trace_sampled": 268,
        "trace_timed_out": null,
        "saga_completed": null,
        "saga_compensated": 268,
        "saga_failed": null,
        "business_failure_rate": null,
        "trade_e2e_p95_s": 1.0826500000000001,
        "trade_e2e_p99_s": null
      },
      "prometheus": {
        "http_p95_s": 0.004342436129761899,
        "http_p99_s": 0.007127519897999959,
        "saga_p95_s": 0.2652149046050251,
        "outbox_backlog_max": 485.0,
        "hikari_active_max": 1.0,
        "hikari_pending_max": 0.0,
        "kafka_lag_max": 78.0,
        "fx_core_tx_p95_s": 0.003100998648305084,
        "fx_core_lock_wait_p95_s": 0.0009693731117824772
      }
    },
    "accounting_fail": {
      "description": "\u4f1a\u8a08\u5931\u6557\u88dc\u511f",
      "mode": "accounting_fail",
      "duration": "90s",
      "window": "120s",
      "passed": false,
      "k6": {
        "average_s": 0.16550577218697324,
        "p95_s": 0.226307995,
        "p99_s": null,
        "slowest_s": 0.417785125,
        "requests_per_sec": 10.8730905161382,
        "http_req_failed_rate": null,
        "trade_accepted": 1305,
        "trace_sampled": 273,
        "trace_timed_out": 165,
        "saga_completed": null,
        "saga_compensated": 76,
        "saga_failed": 165,
        "business_failure_rate": null,
        "trade_e2e_p95_s": 1.1137499999999998,
        "trade_e2e_p99_s": null
      },
      "prometheus": {
        "http_p95_s": 0.004050813557894736,
        "http_p99_s": 0.006808752869999988,
        "saga_p95_s": 0.423825557415493,
        "outbox_backlog_max": 485.0,
        "hikari_active_max": 1.0,
        "hikari_pending_max": 0.0,
        "kafka_lag_max": 164.0,
        "fx_core_tx_p95_s": 0.003017566833333332,
        "fx_core_lock_wait_p95_s": 0.0009713368983957219
      }
    },
    "notification_fail": {
      "description": "\u901a\u77e5\u5931\u6557\u975e\u81f4\u547d",
      "mode": "notification_fail",
      "duration": "90s",
      "window": "120s",
      "passed": true,
      "k6": {
        "average_s": 0.16462264378740765,
        "p95_s": 0.22552903849999997,
        "p99_s": null,
        "slowest_s": 0.294679758,
        "requests_per_sec": 14.888848144733686,
        "http_req_failed_rate": null,
        "trade_accepted": 1350,
        "trace_sampled": 286,
        "trace_timed_out": null,
        "saga_completed": 286,
        "saga_compensated": null,
        "saga_failed": null,
        "business_failure_rate": null,
        "trade_e2e_p95_s": 1.0617499999999997,
        "trade_e2e_p99_s": null
      },
      "prometheus": {
        "http_p95_s": 0.004152912526315788,
        "http_p99_s": 0.0085284171,
        "saga_p95_s": 0.3534200438738839,
        "outbox_backlog_max": 484.0,
        "hikari_active_max": 1.0,
        "hikari_pending_max": 0.0,
        "kafka_lag_max": 151.0,
        "fx_core_tx_p95_s": 0.0030641701666666655,
        "fx_core_lock_wait_p95_s": 0.0009650112866817155
      }
    },
    "stress": {
      "description": "\u30b9\u30c8\u30ec\u30b9",
      "mode": "stress",
      "duration": "180s",
      "window": "210s",
      "passed": true,
      "k6": {
        "average_s": 0.16491089105695597,
        "p95_s": 0.2262062916,
        "p99_s": null,
        "slowest_s": 0.685464079,
        "requests_per_sec": 78.25713063572978,
        "http_req_failed_rate": null,
        "trade_accepted": 14099,
        "trace_sampled": 286,
        "trace_timed_out": null,
        "saga_completed": 286,
        "saga_compensated": null,
        "saga_failed": null,
        "business_failure_rate": null,
        "trade_e2e_p95_s": 1.04175,
        "trade_e2e_p99_s": null
      },
      "prometheus": {
        "http_p95_s": 0.00488982206396276,
        "http_p99_s": 0.009564024956666674,
        "saga_p95_s": 0.4320987546776029,
        "outbox_backlog_max": 499.0,
        "hikari_active_max": 2.0,
        "hikari_pending_max": 0.0,
        "kafka_lag_max": 1029.0,
        "fx_core_tx_p95_s": 0.003942521911627899,
        "fx_core_lock_wait_p95_s": 0.0009776678832116787
      }
    },
    "soak": {
      "description": "\u8010\u4e45(\u77ed\u7e2e\u7248)",
      "mode": "soak",
      "duration": "180s",
      "window": "210s",
      "passed": true,
      "k6": {
        "average_s": 0.1658669681124687,
        "p95_s": 0.22739533,
        "p99_s": null,
        "slowest_s": 0.5905687380000001,
        "requests_per_sec": 19.989122819177634,
        "http_req_failed_rate": null,
        "trade_accepted": 3601,
        "trace_sampled": 70,
        "trace_timed_out": null,
        "saga_completed": 70,
        "saga_compensated": null,
        "saga_failed": null,
        "business_failure_rate": null,
        "trade_e2e_p95_s": 1.0865,
        "trade_e2e_p99_s": null
      },
      "prometheus": {
        "http_p95_s": 0.00415364462040816,
        "http_p99_s": 0.008878874417333298,
        "saga_p95_s": 0.3535141632474017,
        "outbox_backlog_max": 486.0,
        "hikari_active_max": 2.0,
        "hikari_pending_max": 0.0,
        "kafka_lag_max": 1029.0,
        "fx_core_tx_p95_s": 0.002641349965163932,