{
  "namespace": "fx-trading-sample",
  "replicas": 1,
  "script": "k6-test-plan-suite.js",
  "generated_at_epoch": 1775424384.579933,
  "scenarios": {
    "smoke": {
      "description": "\u30b9\u30e2\u30fc\u30af",
      "mode": "smoke",
      "duration": "90s",
      "window": "120s",
      "passed": true,
      "k6": {
        "average_s": 0.16858909724444457,
        "p95_s": 0.22977210119999997,
        "p99_s": null,
        "slowest_s": 0.280358535,
        "requests_per_sec": 4.9585603776130345,
        "http_req_failed_rate": null,
        "trade_accepted": 450,
        "trace_sampled": 450,
        "trace_timed_out": null,
        "saga_completed": 450,
        "saga_compensated": null,
        "saga_failed": null,
        "business_failure_rate": null,
        "trade_e2e_p95_s": 1.10275,
        "trade_e2e_p99_s": null
      },
      "prometheus": {
        "http_p95_s": 0.005394166798507464,
        "http_p99_s": 0.006780790850000002,
        "saga_p95_s": 0.3390983717242991,
        "outbox_backlog_max": 1.0,
        "hikari_active_max": 1.0,
        "hikari_pending_max": 0.0,
        "kafka_lag_max": 43.0,
        "fx_core_tx_p95_s": 0.0037719582916666667,
        "fx_core_lock_wait_p95_s": 0.0011068301666666666
      }
    },
    "baseline": {
      "description": "\u30d9\u30fc\u30b9\u30e9\u30a4\u30f3",
      "mode": "baseline",
      "duration": "120s",
      "window": "150s",
      "passed": true,
      "k6": {
        "average_s": 0.16839208096117295,
        "p95_s": 0.229510965,
        "p99_s": null,
        "slowest_s": 0.5865026689999999,
        "requests_per_sec": 49.63573625913528,
        "http_req_failed_rate": null,
        "trade_accepted": 6001,
        "trace_sampled": 302,
        "trace_timed_out": null,
        "saga_completed": 292,
        "saga_compensated": 10,
        "saga_failed": null,
        "business_failure_rate": null,
        "trade_e2e_p95_s": 1.05795,
        "trade_e2e_p99_s": null
      },
      "prometheus": {
        "http_p95_s": 0.0041095169806060605,
        "http_p99_s": 0.005566587306687116,
        "saga_p95_s": 0.348663114474132,
        "outbox_backlog_max": 8.0,
        "hikari_active_max": 2.0,
        "hikari_pending_max": 0.0,
        "kafka_lag_max": 436.0,
        "fx_core_tx_p95_s": 0.00309642499049217,
        "fx_core_lock_wait_p95_s": 0.0009697142371151556
      }
    },
    "cover_fail": {
      "description": "Cover\u5931\u6557\u88dc\u511f",
      "mode": "cover_fail",
      "duration": "90s",
      "window": "120s",
      "passed": true,
      "k6": {
        "average_s": 0.16763078943375267,
        "p95_s": 0.22870177949999995,
        "p99_s": null,
        "slowest_s": 0.283147066,
        "requests_per_sec": 14.855440854295217,
        "http_req_failed_rate": null,
        "trade_accepted": 1351,
        "trace_sampled": 282,
        "trace_timed_out": null,
        "saga_completed": null,
        "saga_compensated": 282,
        "saga_failed": null,
        "business_failure_rate": null,
        "trade_e2e_p95_s": 1.08355,
        "trade_e2e_p99_s": null
      },
      "prometheus": {
        "http_p95_s": 0.004614630518589742,
        "http_p99_s": 0.005583263570384613,
        "saga_p95_s": 0.22052400024044366,
        "outbox_backlog_max": 3.0,
        "hikari_active_max": 1.0,
        "hikari_pending_max": 0.0,
        "kafka_lag_max": 423.0,
        "fx_core_tx_p95_s": 0.0031445393410493823,
        "fx_core_lock_wait_p95_s": 0.0009708396369137669
      }
    },
    "accounting_fail": {
      "description": "\u4f1a\u8a08\u5931\u6557\u88dc\u511f",
      "mode": "accounting_fail",
      "duration": "90s",
      "window": "120s",
      "passed": true,
      "k6": {
        "average_s": 0.16610724041672853,
        "p95_s": 0.2278272005,
        "p99_s": null,
        "slowest_s": 0.370714665,
        "requests_per_sec": 14.845660570695177,
        "http_req_failed_rate": null,
        "trade_accepted": 1351,
        "trace_sampled": 265,
        "trace_timed_out": null,
        "saga_completed": null,
        "saga_compensated": 265,
        "saga_failed": null,
        "business_failure_rate": null,
        "trade_e2e_p95_s": 1.1023999999999998,
        "trade_e2e_p99_s": null
      },
      "prometheus": {
        "http_p95_s": 0.004187531895,
        "http_p99_s": 0.005940532148999979,
        "saga_p95_s": 0.35260615342170215,
        "outbox_backlog_max": 5.0,
        "hikari_active_max": 1.0,
        "hikari_pending_max": 0.0,
        "kafka_lag_max": 219.0,
        "fx_core_tx_p95_s": 0.0031125211249999995,
        "fx_core_lock_wait_p95_s": 0.0009671816126601355
      }
    },
    "notification_fail": {
      "description": "\u901a\u77e5\u5931\u6557\u975e\u81f4\u547d",
      "mode": "notification_fail",
      "duration": "90s",
      "window": "120s",
      "passed": true,
      "k6": {
        "average_s": 0.16562692716358232,
        "p95_s": 0.22663105849999998,
        "p99_s": null,
        "slowest_s": 0.263940915,
        "requests_per_sec": 14.928322645292356,
        "http_req_failed_rate": null,
        "trade_accepted": 1351,
        "trace_sampled": 244,
        "trace_timed_out": null,
        "saga_completed": 244,
        "saga_compensated": null,
        "saga_failed": null,
        "business_failure_rate": null,
        "trade_e2e_p95_s": 1.0958499999999998,
        "trade_e2e_p99_s": null
      },
      "prometheus": {
        "http_p95_s": 0.004387975368032783,
        "http_p99_s": 0.005939600081666632,
        "saga_p95_s": 0.24581376456336587,
        "outbox_backlog_max": 3.0,
        "hikari_active_max": 1.0,
        "hikari_pending_max": 0.0,
        "kafka_lag_max": 174.0,
        "fx_core_tx_p95_s": 0.003117196395299145,
        "fx_core_lock_wait_p95_s": 0.0009657261098570352
      }
    },
    "stress": {
      "description": "\u30b9\u30c8\u30ec\u30b9",
      "mode": "stress",
      "duration": "180s",
      "window": "210s",
      "passed": true,
      "k6": {
        "average_s": 0.16602750122937837,
        "p95_s": 0.22763556139999996,
        "p99_s": null,
        "slowest_s": 0.655020565,
        "requests_per_sec": 78.02878706240868,
        "http_req_failed_rate": null,
        "trade_accepted": 14099,
        "trace_sampled": 299,
        "trace_timed_out": null,
        "saga_completed": 299,
        "saga_compensated": null,
        "saga_failed": null,
        "business_failure_rate": null,
        "trade_e2e_p95_s": 1.0493999999999999,
        "trade_e2e_p99_s": null
      },
      "prometheus": {
        "http_p95_s": 0.0036106208635786788,
        "http_p99_s": 0.005339151671208057,
        "saga_p95_s": 0.3343121019640713,
        "outbox_backlog_max": 19.0,
        "hikari_active_max": 4.0,
        "hikari_pending_max": 0.0,
        "kafka_lag_max": 531.0,
        "fx_core_tx_p95_s": 0.002652890236987381,
        "fx_core_lock_wait_p95_s": 0.0009593217304111159
      }
    },
    "soak": {
      "description": "\u8010\u4e45(\u77ed\u7e2e\u7248)",
      "mode": "soak",
      "duration": "180s",
      "window": "210s",
      "passed": true,
      "k6": {
        "average_s": 0.16489237842127188,
        "p95_s": 0.226877338,
        "p99_s": null,
        "slowest_s": 0.5969343810000001,
        "requests_per_sec": 19.91202581436525,
        "http_req_failed_rate": null,
        "trade_accepted": 3601,
        "trace_sampled": 65,
        "trace_timed_out": null,
        "saga_completed": 65,
        "saga_compensated": null,
        "saga_failed": null,
        "business_failure_rate": null,
        "trade_e2e_p95_s": 1.0834,
        "trade_e2e_p99_s": null
      },
      "prometheus": {
        "http_p95_s": 0.0037347148974719085,
        "http_p99_s": 0.005032815074749983,
        "saga_p95_s": 0.2455009112849954,
        "outbox_backlog_max": 13.0,
        "hikari_active_max": 1.0,
        "hikari_pending_max": 0.0,
        "kafka_lag_max": 341.0,
        "fx_core_tx_p95_s": 0.0027210071348684195,