{
  "replica_1": {
    "replicas": 1,
    "accountPoolSize": 1000,
    "selectionMode": "round_robin",
    "script": "k6-1000-accounts-stress.js",
    "modeLabel": "1000-account-pool-brokers-3-db-split-activity-async",
    "k6": {
      "average_s": 0.17382539276527645,
      "fastest_s": 0.134690441,
      "slowest_s": 0.341607417,
      "requests_per_sec": 375.97178522737977,
      "http_req_failed_rate": null,
      "checks_rate": null
    },
    "prometheus": {
      "http_p95_s": 0.010863687037326191,
      "http_p99_s": 0.0175299131289055,
      "http_error_rate": null,
      "saga_p95_s": null,
      "saga_p99_s": null,
      "outbox_backlog_max": 87.0,
      "hikari_active_max": 1.0,
      "hikari_pending_max": 0.0,
      "hikari_max": 10.0,
      "kafka_lag_max": 752.0,
      "pod_cpu_sum_cores": 7.415776076822358,
      "pod_memory_sum_bytes": 6822641664.0,
      "pod_restarts": 0.0,
      "fx_core_tx_p95_s": 0.006090005923078305,
      "fx_core_tx_p99_s": 0.013414719248234173,
      "fx_core_lock_wait_p95_s": 0.0009620298395746801,
      "fx_core_lock_wait_p99_s": 0.0012185145782157712,
      "fx_core_slow_operation_rate": null,
      "trade_saga_stage_cover_p95_s": null,
      "trade_saga_stage_risk_p95_s": null,
      "trade_saga_stage_accounting_p95_s": null,
      "trade_saga_stage_settlement_p95_s": null
    }
  },
  "replica_3": {
    "replicas": 3,
    "accountPoolSize": 1000,
    "selectionMode": "round_robin",
    "script": "k6-1000-accounts-stress.js",
    "modeLabel": "1000-account-pool-brokers-3-db-split-activity-async",
    "k6": {
      "average_s": 0.17483867352372076,
      "fastest_s": 0.13555898,
      "slowest_s": 0.757446818,
      "requests_per_sec": 373.6316589461941,
      "http_req_failed_rate": null,
      "checks_rate": null
    },
    "prometheus": {
      "http_p95_s": 0.029933585728813543,
      "http_p99_s": 0.05997091861818185,
      "http_error_rate": null,
      "saga_p95_s": null,
      "saga_p99_s": null,
      "outbox_backlog_max": 1551.0,
      "hikari_active_max": 1.0,
      "hikari_pending_max": 0.0,
      "hikari_max": 10.0,
      "kafka_lag_max": 2018.0,
      "pod_cpu_sum_cores": 12.886426716042184,
      "pod_memory_sum_bytes": 18559705088.0,
      "pod_restarts": 0.0,
      "fx_core_tx_p95_s": 0.025807305249999996,
      "fx_core_tx_p99_s": 0.053109207149999976,
      "fx_core_lock_wait_p95_s": 0.002095032666666664,
      "fx_core_lock_wait_p99_s": 0.0059349397449999725,
      "fx_core_slow_operation_rate": null,
      "trade_saga_stage_cover_p95_s": null,
      "trade_saga_stage_risk_p95_s": null,
      "trade_saga_stage_accounting_p95_s": null,
      "trade_saga_stage_settlement_p95_s": null
    }
  },
  "replica_5": {
    "replicas": 5,
    "accountPoolSize": 1000,
    "selectionMode": "round_robin",
    "script": "k6-1000-accounts-stress.js",
    "modeLabel": "1000-account-pool-brokers-3-db-split-activity-async",
    "k6": {
      "average_s": 0.19308059195139246,
      "fastest_s": 0.137863303,
      "slowest_s": 1.816014054,
      "requests_per_sec": 336.83990700071075,
      "http_req_failed_rate": null,
      "checks_rate": null
    },
    "prometheus": {
      "http_p95_s": 0.14366889187249993,
      "http_p99_s": 0.3751065927607128,
      "http_error_rate": null,
      "saga_p95_s": null,
      "saga_p99_s": null,
      "outbox_backlog_max": 3599.0,
      "hikari_active_max": 3.0,
      "hikari_pending_max": 0.0,
      "hikari_max": 10.0,
      "kafka_lag_max": 707.0,
      "pod_cpu_sum_cores": 14.417664463876774,
      "pod_memory_sum_bytes": 30824058880.0,
      "pod_restarts": 2.0,
      "fx_core_tx_p95_s": 0.11895844981785678,
      "fx_core_tx_p99_s": 0.3534056019480769,
      "fx_core_lock_wait_p95_s": 0.010913926931249948,
      "fx_core_lock_wait_p99_s": 0.036832978431250066,
      "fx_core_slow_operation_rate": 0.04296,
      "trade_saga_stage_cover_p95_s": null,
      "trade_saga_stage_risk_p95_s": null,
      "trade_saga_stage_accounting_p95_s": null,
      "trade_saga_stage_settlement_p95_s": null
    }
  }
}