{
  "replica_1": {
    "replicas": 1,
    "accountPoolSize": 1000,
    "selectionMode": "round_robin",
    "script": "k6-1000-accounts-stress.js",
    "modeLabel": "balance-bucket-sharding",
    "k6": {
      "average_s": 0.1737725112218317,
      "fastest_s": 0.13607282599999998,
      "slowest_s": 0.29169278600000004,
      "requests_per_sec": 375.90826386099445,
      "http_req_failed_rate": null,
      "checks_rate": null
    },
    "prometheus": {
      "http_p95_s": 0.016649754481117343,
      "http_p99_s": 0.026062903286703448,
      "http_error_rate": null,
      "saga_p95_s": 2.3556174363296916,
      "saga_p99_s": 2.4754415576659383,
      "outbox_backlog_max": 395.0,
      "hikari_active_max": 3.0,
      "hikari_pending_max": 0.0,
      "hikari_max": 8.0,
      "kafka_lag_max": 3602.0,
      "pod_cpu_sum_cores": 3.3239364081589695,
      "pod_memory_sum_bytes": 7276347392.0,
      "pod_restarts": 6.0,
      "fx_core_tx_p95_s": 0.006773064023249561,
      "fx_core_tx_p99_s": 0.013584828275909306,
      "fx_core_lock_wait_p95_s": 0.0010155663687296435,
      "fx_core_lock_wait_p99_s": 0.002544468950544521,
      "fx_core_slow_operation_rate": null,
      "trade_saga_stage_cover_p95_s": 1.7311031874132772,
      "trade_saga_stage_risk_p95_s": 0.23259372775275,
      "trade_saga_stage_accounting_p95_s": 0.22778262995433068,
      "trade_saga_stage_settlement_p95_s": 0.5052991017207191
    }
  },
  "replica_3": {
    "replicas": 3,
    "accountPoolSize": 1000,
    "selectionMode": "round_robin",
    "script": "k6-1000-accounts-stress.js",
    "modeLabel": "balance-bucket-sharding",
    "k6": {
      "average_s": 0.18043711952477443,
      "fastest_s": 0.137773069,
      "slowest_s": 0.79634382,
      "requests_per_sec": 361.0822499766924,
      "http_req_failed_rate": null,
      "checks_rate": null
    },
    "prometheus": {
      "http_p95_s": 0.04342756782727271,
      "http_p99_s": 0.09956718407099936,
      "http_error_rate": null,
      "saga_p95_s": 6.94372392824527,
      "saga_p99_s": 7.115367846449054,
      "outbox_backlog_max": 4459.0,
      "hikari_active_max": 5.0,
      "hikari_pending_max": 0.0,
      "hikari_max": 8.0,
      "kafka_lag_max": 2478.0,
      "pod_cpu_sum_cores": 14.20155764894226,
      "pod_memory_sum_bytes": 16706744320.0,
      "pod_restarts": 6.0,
      "fx_core_tx_p95_s": 0.034583941920454477,
      "fx_core_tx_p99_s": 0.08519384220846092,
      "fx_core_lock_wait_p95_s": 0.006778998412820493,
      "fx_core_lock_wait_p99_s": 0.02024450709999981,
      "fx_core_slow_operation_rate": 0.0,
      "trade_saga_stage_cover_p95_s": 10.905289379086282,
      "trade_saga_stage_risk_p95_s": 0.7942069356087786,
      "trade_saga_stage_accounting_p95_s": 0.8048862792159625,
      "trade_saga_stage_settlement_p95_s": 1.3425375957979866
    }
  },
  "replica_5": {
    "replicas": 5,
    "accountPoolSize": 1000,
    "selectionMode": "round_robin",
    "script": "k6-1000-accounts-stress.js",
    "modeLabel": "balance-bucket-sharding",
    "k6": {
      "average_s": 1.826574932693398,
      "fastest_s": 0.139833228,
      "slowest_s": 30.146144547,
      "requests_per_sec": 28.184510538328905,
      "http_req_failed_rate": null,
      "checks_rate": null
    },
    "prometheus": {
      "http_p95_s": 3.131746984749995,
      "http_p99_s": 13.708103950874998,
      "http_error_rate": null,
      "saga_p95_s": 5.243439240312502,
      "saga_p99_s": 13.615046326149999,
      "outbox_backlog_max": 83.0,
      "hikari_active_max": 8.0,
      "hikari_pending_max": 0.0,
      "hikari_max": 8.0,
      "kafka_lag_max": 303.0,
      "pod_cpu_sum_cores": 1.869347045738232,
      "pod_memory_sum_bytes": 27315126272.0,
      "pod_restarts": 10.0,
      "fx_core_tx_p95_s": 3.0601641965499935,
      "fx_core_tx_p99_s": 30.0,
      "fx_core_lock_wait_p95_s": 4.0981146267999975,
      "fx_core_lock_wait_p99_s": 23.421888320489945,
      "fx_core_slow_operation_rate": 0.6262333333333333,
      "trade_saga_stage_cover_p95_s": 9.210318755833326,
      "trade_saga_stage_risk_p95_s": 0.09859840740769228,
      "trade_saga_stage_accounting_p95_s": 0.111288865475,
      "trade_saga_stage_settlement_p95_s": 0.5665614992045455
    }
  }
}