{
  "replica_1": {
    "replicas": 1,
    "accountPoolSize": 1000,
    "selectionMode": "round_robin",
    "script": "k6-1000-accounts-stress.js",
    "modeLabel": "final-optimized",
    "k6": {
      "average_s": 0.17356622940028377,
      "fastest_s": 0.13814165499999997,
      "slowest_s": 0.307683999,
      "requests_per_sec": 373.728802720561,
      "http_req_failed_rate": null,
      "checks_rate": null
    },
    "prometheus": {
      "http_p95_s": 0.019959732070822026,
      "http_p99_s": 0.08059730816528289,
      "http_error_rate": null,
      "saga_p95_s": 3.075481638186981,
      "saga_p99_s": 3.196050228818301,
      "outbox_backlog_max": 689.0,
      "hikari_active_max": 2.0,
      "hikari_pending_max": 0.0,
      "hikari_max": 30.0,
      "kafka_lag_max": 2296.0,
      "pod_cpu_sum_cores": 6.043194083594407,
      "pod_memory_sum_bytes": 6525992960.0,
      "pod_restarts": 6.0,
      "fx_core_tx_p95_s": 0.01306962144136328,
      "fx_core_tx_p99_s": 0.056782661869407156,
      "fx_core_lock_wait_p95_s": 0.001200882288706981,
      "fx_core_lock_wait_p99_s": 0.004008671587514074,
      "fx_core_slow_operation_rate": null,
      "trade_saga_stage_cover_p95_s": 2.523619131623901,
      "trade_saga_stage_risk_p95_s": 0.31256723868604,
      "trade_saga_stage_accounting_p95_s": 0.3152994267585329,
      "trade_saga_stage_settlement_p95_s": 0.5826783719270963
    }
  },
  "replica_3": {
    "replicas": 3,
    "accountPoolSize": 1000,
    "selectionMode": "round_robin",
    "script": "k6-1000-accounts-stress.js",
    "modeLabel": "final-optimized",
    "k6": {
      "average_s": 0.1866883909634147,
      "fastest_s": 0.137708157,
      "slowest_s": 1.6588017339999999,
      "requests_per_sec": 348.7827872192856,
      "http_req_failed_rate": null,
      "checks_rate": null
    },
    "prometheus": {
      "http_p95_s": 0.06780791465624984,
      "http_p99_s": 0.2163461926714294,
      "http_error_rate": null,
      "saga_p95_s": 7.119925958794488,
      "saga_p99_s": 8.156726161368521,
      "outbox_backlog_max": 4976.0,
      "hikari_active_max": 11.0,
      "hikari_pending_max": 0.0,
      "hikari_max": 30.0,
      "kafka_lag_max": 1883.0,
      "pod_cpu_sum_cores": 15.739232523294556,
      "pod_memory_sum_bytes": 18659282944.0,
      "pod_restarts": 6.0,
      "fx_core_tx_p95_s": 0.061097025624999954,
      "fx_core_tx_p99_s": 0.19340774416599907,
      "fx_core_lock_wait_p95_s": 0.007050130895588216,
      "fx_core_lock_wait_p99_s": 0.02946638294499983,
      "fx_core_slow_operation_rate": 0.0,
      "trade_saga_stage_cover_p95_s": 11.38413170475862,
      "trade_saga_stage_risk_p95_s": 1.1506119772374994,
      "trade_saga_stage_accounting_p95_s": 1.4553779680662786,
      "trade_saga_stage_settlement_p95_s": 2.1149597256759827
    }
  },
  "replica_5": {
    "replicas": 5,
    "accountPoolSize": 1000,
    "selectionMode": "round_robin",
    "script": "k6-1000-accounts-stress.js",
    "modeLabel": "final-optimized",
    "k6": {
      "average_s": 2.303216630228865,
      "fastest_s": 0.141914179,
      "slowest_s": 30.150416538,
      "requests_per_sec": 20.044547068848605,
      "http_req_failed_rate": null,
      "checks_rate": null
    },
    "prometheus": {
      "http_p95_s": 21.30303778791998,
      "http_p99_s": 26.953305874773335,
      "http_error_rate": null,
      "saga_p95_s": 26.9151283877,
      "saga_p99_s": 28.28951792234,
      "outbox_backlog_max": 6.0,
      "hikari_active_max": 10.0,
      "hikari_pending_max": 0.0,
      "hikari_max": 30.0,
      "kafka_lag_max": 477.0,
      "pod_cpu_sum_cores": 1.2517072841348655,
      "pod_memory_sum_bytes": 32466501632.0,
      "pod_restarts": 11.0,
      "fx_core_tx_p95_s": 21.30303778791998,
      "fx_core_tx_p99_s": 26.953305874773335,
      "fx_core_lock_wait_p95_s": 12.240656791749998,
      "fx_core_lock_wait_p99_s": 12.75605286715,
      "fx_core_slow_operation_rate": 0.36666666666666664,
      "trade_saga_stage_cover_p95_s": 24.767644739824995,
      "trade_saga_stage_risk_p95_s": 0.052568608,
      "trade_saga_stage_accounting_p95_s": 0.053966709249999995,
      "trade_saga_stage_settlement_p95_s": 0.10916375148
    }
  }
}