{
  "replica_1": {
    "replicas": 1,
    "accountPoolSize": 1000,
    "selectionMode": "round_robin",
    "script": "k6-1000-accounts-stress.js",
    "modeLabel": "final-optimized-rerun",
    "k6": {
      "average_s": 0.17383600245593525,
      "fastest_s": 0.135557792,
      "slowest_s": 0.243967793,
      "requests_per_sec": 374.8539254342532,
      "http_req_failed_rate": null,
      "checks_rate": null
    },
    "prometheus": {
      "http_p95_s": 0.007940579179545448,
      "http_p99_s": 0.013861589872916674,
      "http_error_rate": null,
      "saga_p95_s": 1.1863149538619562,
      "saga_p99_s": 1.3825876027723913,
      "outbox_backlog_max": 105.0,
      "hikari_active_max": 1.0,
      "hikari_pending_max": 0.0,
      "hikari_max": 30.0,
      "kafka_lag_max": 2942.0,
      "pod_cpu_sum_cores": 4.138117159809072,
      "pod_memory_sum_bytes": 7481516032.0,
      "pod_restarts": 6.0,
      "fx_core_tx_p95_s": 0.006947679554532966,
      "fx_core_tx_p99_s": 0.012827365841515169,
      "fx_core_lock_wait_p95_s": 0.0009796793163649729,
      "fx_core_lock_wait_p99_s": 0.0020950354539473765,
      "fx_core_slow_operation_rate": 0.0,
      "trade_saga_stage_cover_p95_s": 0.6156623882140845,
      "trade_saga_stage_risk_p95_s": 0.19382352819358523,
      "trade_saga_stage_accounting_p95_s": 0.20075612725710704,
      "trade_saga_stage_settlement_p95_s": 0.4105330287051663
    }
  },
  "replica_3": {
    "replicas": 3,
    "accountPoolSize": 1000,
    "selectionMode": "round_robin",
    "script": "k6-1000-accounts-stress.js",
    "modeLabel": "final-optimized-rerun",
    "k6": {
      "average_s": 4.628654209793949,
      "fastest_s": 0.14075143499999998,
      "slowest_s": 30.234624442,
      "requests_per_sec": 11.617662790939006,
      "http_req_failed_rate": null,
      "checks_rate": null
    },
    "prometheus": {
      "http_p95_s": 27.917287423374997,
      "http_p99_s": 29.624106709150002,
      "http_error_rate": null,
      "saga_p95_s": 30.0,
      "saga_p99_s": 30.0,
      "outbox_backlog_max": 8.0,
      "hikari_active_max": 27.0,
      "hikari_pending_max": 0.0,
      "hikari_max": 30.0,
      "kafka_lag_max": 192.0,
      "pod_cpu_sum_cores": 1.464585595652422,
      "pod_memory_sum_bytes": 16773300224.0,
      "pod_restarts": 6.0,
      "fx_core_tx_p95_s": 29.41907400505,
      "fx_core_tx_p99_s": 30.0,
      "fx_core_lock_wait_p95_s": 0.011988717075,
      "fx_core_lock_wait_p99_s": 0.015980296720000002,
      "fx_core_slow_operation_rate": 1.0,
      "trade_saga_stage_cover_p95_s": 30.0,
      "trade_saga_stage_risk_p95_s": 0.10849266285,
      "trade_saga_stage_accounting_p95_s": 0.10709456153750001,
      "trade_saga_stage_settlement_p95_s": 0.147080259075
    }
  },
  "replica_5": {
    "replicas": 5,
    "accountPoolSize": 1000,
    "selectionMode": "round_robin",
    "script": "k6-1000-accounts-stress.js",
    "modeLabel": "final-optimized-rerun",
    "k6": {
      "average_s": 6.271016891249441,
      "fastest_s": 0.140756435,
      "slowest_s": 30.223425495,
      "requests_per_sec": 7.8336839352915595,
      "http_req_failed_rate": null,
      "checks_rate": null
    },
    "prometheus": {
      "http_p95_s": 19.42279654955833,
      "http_p99_s": 22.209753105911666,
      "http_error_rate": null,
      "saga_p95_s": 22.620161091949992,
      "saga_p99_s": 30.0,
      "outbox_backlog_max": 1.0,
      "hikari_active_max": 11.0,
      "hikari_pending_max": 0.0,
      "hikari_max": 30.0,
      "kafka_lag_max": 48.0,
      "pod_cpu_sum_cores": 2.152757572318463,
      "pod_memory_sum_bytes": 25075818496.0,
      "pod_restarts": 10.0,
      "fx_core_tx_p95_s": 30.0,
      "fx_core_tx_p99_s": 30.0,
      "fx_core_lock_wait_p95_s": 30.0,
      "fx_core_lock_wait_p99_s": 30.0,
      "fx_core_slow_operation_rate": 0.36666666666666664,
      "trade_saga_stage_cover_p95_s": 24.051816857199988,
      "trade_saga_stage_risk_p95_s": 0.08053063659999998,
      "trade_saga_stage_accounting_p95_s": 0.049772405499999985,
      "trade_saga_stage_settlement_p95_s": 0.14092861329999998
    }
  }
}