{
  "replica_1": {
    "replicas": 1,
    "accountPoolSize": 1000,
    "selectionMode": "round_robin",
    "script": "k6-1000-accounts-stress.js",
    "modeLabel": "permanent-fix",
    "k6": {
      "average_s": 0.17486341025791474,
      "fastest_s": 0.135443472,
      "slowest_s": 0.32869181,
      "requests_per_sec": 369.7597706727924,
      "http_req_failed_rate": null,
      "checks_rate": null
    },
    "prometheus": {
      "http_p95_s": 0.015006570068079763,
      "http_p99_s": 0.02207973710184603,
      "http_error_rate": null,
      "saga_p95_s": 2.6290483328549996,
      "saga_p99_s": 2.816458889771,
      "outbox_backlog_max": 220.0,
      "hikari_active_max": 2.0,
      "hikari_pending_max": 0.0,
      "hikari_max": 8.0,
      "kafka_lag_max": 3509.0,
      "pod_cpu_sum_cores": 3.0508879725304734,
      "pod_memory_sum_bytes": 7262736384.0,
      "pod_restarts": 6.0,
      "fx_core_tx_p95_s": 0.006636583372021635,
      "fx_core_tx_p99_s": 0.013112953889805079,
      "fx_core_lock_wait_p95_s": 0.0009731843244802721,
      "fx_core_lock_wait_p99_s": 0.0018992956271237718,
      "fx_core_slow_operation_rate": null,
      "trade_saga_stage_cover_p95_s": 2.0520622710941945,
      "trade_saga_stage_risk_p95_s": 0.2715477511304348,
      "trade_saga_stage_accounting_p95_s": 0.28903669553369754,
      "trade_saga_stage_settlement_p95_s": 0.5298942676653413
    }
  },
  "replica_3": {
    "replicas": 3,
    "accountPoolSize": 1000,
    "selectionMode": "round_robin",
    "script": "k6-1000-accounts-stress.js",
    "modeLabel": "permanent-fix",
    "k6": {
      "average_s": 0.18368582403092348,
      "fastest_s": 0.138545577,
      "slowest_s": 1.20313624,
      "requests_per_sec": 354.8946957392125,
      "http_req_failed_rate": null,
      "checks_rate": null
    },
    "prometheus": {
      "http_p95_s": 0.04745830687931033,
      "http_p99_s": 0.08671956507666659,
      "http_error_rate": null,
      "saga_p95_s": 11.504376684035714,
      "saga_p99_s": 12.608796845607142,
      "outbox_backlog_max": 3659.0,
      "hikari_active_max": 1.0,
      "hikari_pending_max": 0.0,
      "hikari_max": 8.0,
      "kafka_lag_max": 1646.0,
      "pod_cpu_sum_cores": 10.84605604665688,
      "pod_memory_sum_bytes": 17363664896.0,
      "pod_restarts": 6.0,
      "fx_core_tx_p95_s": 0.03594518413749998,
      "fx_core_tx_p99_s": 0.07297658766230766,
      "fx_core_lock_wait_p95_s": 0.003647544035714285,
      "fx_core_lock_wait_p99_s": 0.010443815469999996,
      "fx_core_slow_operation_rate": null,
      "trade_saga_stage_cover_p95_s": 10.914896225896694,
      "trade_saga_stage_risk_p95_s": 0.710639632710084,
      "trade_saga_stage_accounting_p95_s": 0.8578592226830984,
      "trade_saga_stage_settlement_p95_s": 1.3957584792014792
    }
  },
  "replica_5": {
    "replicas": 5,
    "accountPoolSize": 1000,
    "selectionMode": "round_robin",
    "script": "k6-1000-accounts-stress.js",
    "modeLabel": "permanent-fix",
    "k6": {
      "average_s": 1.084752262442201,
      "fastest_s": 0.13858841000000002,
      "slowest_s": 25.688111275,
      "requests_per_sec": 49.47848788041025,
      "http_req_failed_rate": null,
      "checks_rate": null
    },
    "prometheus": {
      "http_p95_s": 5.726623061,
      "http_p99_s": 12.884901886000037,
      "http_error_rate": null,
      "saga_p95_s": 11.331061706573276,
      "saga_p99_s": 12.456836812265003,
      "outbox_backlog_max": 406.0,
      "hikari_active_max": 8.0,
      "hikari_pending_max": 5.0,
      "hikari_max": 8.0,
      "kafka_lag_max": 740.0,
      "pod_cpu_sum_cores": 5.6518544731698315,
      "pod_memory_sum_bytes": 33550303232.0,
      "pod_restarts": 10.0,
      "fx_core_tx_p95_s": 5.249404472666662,
      "fx_core_tx_p99_s": 11.453246121000037,
      "fx_core_lock_wait_p95_s": 0.006524472333333324,
      "fx_core_lock_wait_p99_s": 0.013981011000000036,
      "fx_core_slow_operation_rate": 0.859037037037037,
      "trade_saga_stage_cover_p95_s": 8.235099479352149,
      "trade_saga_stage_risk_p95_s": 1.8661235211583338,
      "trade_saga_stage_accounting_p95_s": 0.12323627669090909,
      "trade_saga_stage_settlement_p95_s": 0.17201061300526316
    }
  }
}